OrderID,Date,CustomerID,Product,Quantity,UnitPrice,ShippingAddress,PaymentMethod,OrderStatus,TrackingNumber,ItemsInCart,CouponCode,ReferralSource,TotalPrice,Date_Incomplete
ORD20000,,C72649,Monitor,5,570.62,928 Main St,Debit Card,Shipped,TRK37947,7,SAVE10,Instagram,2853.1,2023-01-0
ORD20000,,C75739,Phone,2,151.35,823 Main St,Online,Shipped,TRK91186,3,SAVE10,Referral,302.7,2024-08-2
ORD20000,,C81728,Tablet,5,550.68,512 Main St,Credit Card,Cancelled,TRK42903,8,FREESHIP,Email,2753.4,2024-02-2
ORD20000,,C33540,Chair,1,273.19,275 Main St,Debit Card,Returned,TRK62788,5,SAVE10,Facebook,273.19,2023-10-1
ORD20000,,C81840,Printer,4,626.01,668 Main St,Online,Delivered,TRK29241,8,SAVE10,Email,2504.04,2025-05-0
ORD20000,,C37249,Phone,2,245.86,934 Main St,Credit Card,Shipped,TRK72976,4,SAVE10,Instagram,491.72,2023-10-2
ORD20000,,C83492,Laptop,1,664.42,986 Main St,Gift Card,Returned,TRK96417,6,SAVE10,Facebook,664.42,2025-06-1
ORD20000,,C41460,Monitor,5,149.55,706 Main St,Cash,Shipped,TRK78809,9,FREESHIP,Facebook,747.75,2023-05-1
ORD20000,,C26817,Phone,2,134.28,904 Main St,Gift Card,Cancelled,TRK61042,2,NoCoupon,Email,268.56,2025-04-0
ORD20000,,C31946,Desk,4,509.38,102 Main St,Credit Card,Shipped,TRK33478,6,SAVE10,Google,2037.52,2023-11-2
ORD2000,,C43443,Tablet,5,625.97,333 Main St,Credit Card,Returned,TRK98859,9,WINTER15,Instagram,3129.85,2023-12-2
ORD2000,,C93861,Monitor,3,49.14,831 Main St,Online,Returned,TRK48234,7,SAVE10,Email,147.42,2024-02-1
ORD2000,,C38785,Monitor,2,180.5,179 Main St,Debit Card,Pending,TRK20419,6,FREESHIP,Referral,361.0,2024-10-1
ORD2000,,C88348,Laptop,3,201.49,903 Main St,Credit Card,Returned,TRK81913,4,FREESHIP,Facebook,604.47,2023-08-3
ORD2000,,C98474,Tablet,2,393.33,980 Main St,Debit Card,Pending,TRK79186,3,SAVE10,Instagram,786.66,2023-03-2
ORD2000,,C39416,Printer,1,473.96,942 Main St,Cash,Delivered,TRK54930,3,NoCoupon,Google,473.96,2023-07-1
ORD2000,,C28976,Printer,2,533.81,914 Main St,Credit Card,Pending,TRK13194,3,FREESHIP,Email,1067.62,2023-01-2
ORD2000,,C60672,Tablet,1,423.4,382 Main St,Debit Card,Shipped,TRK11972,3,NoCoupon,Referral,423.4,2024-03-0
ORD2000,,C84329,Desk,1,431.44,891 Main St,Gift Card,Pending,TRK65191,3,SAVE10,Facebook,431.44,2025-03-2
ORD2000,,C14552,Monitor,5,224.0,273 Main St,Cash,Returned,TRK59101,9,SAVE10,Google,1120.0,2023-01-2
ORD2000,,C54829,Chair,5,62.51,587 Main St,Cash,Pending,TRK16718,9,WINTER15,Instagram,312.55,2023-05-0
ORD2000,,C99023,Monitor,4,342.95,569 Main St,Cash,Delivered,TRK52646,6,NoCoupon,Google,1371.8,2024-11-1
ORD2000,,C34416,Monitor,2,49.62,633 Main St,Online,Pending,TRK75937,2,SAVE10,Google,99.24,2023-01-2
ORD2000,,C42372,Phone,4,273.25,755 Main St,Debit Card,Cancelled,TRK36168,5,FREESHIP,Referral,1093.0,2025-04-0
ORD2000,,C17470,Laptop,2,230.95,956 Main St,Online,Delivered,TRK28775,3,WINTER15,Referral,461.9,2024-10-3
ORD2000,,C42577,Monitor,1,399.98,709 Main St,Debit Card,Delivered,TRK69423,3,WINTER15,Email,399.98,2024-07-2
ORD2000,,C21944,Laptop,5,59.55,296 Main St,Online,Delivered,TRK80276,6,NoCoupon,Referral,297.75,2024-03-0
ORD2000,,C97593,Printer,1,472.74,881 Main St,Online,Shipped,TRK89117,6,WINTER15,Google,472.74,2024-02-2
ORD2000,,C59823,Phone,4,160.07,568 Main St,Online,Pending,TRK65895,5,NoCoupon,Email,640.28,2023-11-2
ORD2000,,C33260,Desk,3,423.53,930 Main St,Credit Card,Delivered,TRK59744,6,SAVE10,Referral,1270.59,2024-09-2
ORD2000,,C44267,Monitor,2,426.7,895 Main St,Online,Pending,TRK54751,5,SAVE10,Referral,853.4,2025-03-2
ORD2000,,C26445,Chair,3,500.08,996 Main St,Debit Card,Returned,TRK31229,6,NoCoupon,Facebook,1500.24,2023-06-3
ORD2000,,C12388,Tablet,5,536.72,830 Main St,Cash,Delivered,TRK99261,10,NoCoupon,Email,2683.6,2023-05-0
ORD2000,,C52184,Chair,1,162.77,912 Main St,Online,Cancelled,TRK73312,4,WINTER15,Facebook,162.77,2023-06-0
ORD2000,,C67195,Chair,4,576.52,926 Main St,Credit Card,Pending,TRK55467,5,WINTER15,Facebook,2306.08,2023-01-0
ORD2000,,C50304,Monitor,2,465.15,128 Main St,Online,Shipped,TRK46850,2,SAVE10,Facebook,930.3,2024-12-0
ORD2000,,C59337,Laptop,2,534.43,465 Main St,Debit Card,Pending,TRK50961,5,NoCoupon,Facebook,1068.86,2025-05-0
ORD2000,,C10054,Laptop,2,76.74,409 Main St,Cash,Returned,TRK94005,7,SAVE10,Instagram,153.48,2024-10-1
ORD2000,,C15924,Laptop,1,245.89,549 Main St,Debit Card,Delivered,TRK14835,3,SAVE10,Google,245.89,2024-12-1
ORD2000,,C96664,Printer,3,256.46,666 Main St,Credit Card,Delivered,TRK85508,4,SAVE10,Referral,769.38,2025-02-2
ORD20004,,C84766,Desk,2,344.02,267 Main St,Online,Delivered,TRK78967,4,FREESHIP,Instagram,688.04,2023-08-2
ORD20004,,C20212,Monitor,3,611.45,657 Main St,Gift Card,Pending,TRK69733,4,FREESHIP,Instagram,1834.35,2023-12-0
ORD20004,,C28712,Printer,2,151.66,980 Main St,Cash,Cancelled,TRK40772,6,NoCoupon,Instagram,303.32,2024-05-0
ORD20004,,C60572,Chair,3,499.21,871 Main St,Online,Cancelled,TRK20351,8,NoCoupon,Instagram,1497.63,2023-12-1
ORD20004,,C73225,Phone,2,550.18,996 Main St,Gift Card,Returned,TRK73848,3,FREESHIP,Referral,1100.36,2025-04-2
ORD20004,,C17388,Chair,1,317.25,157 Main St,Debit Card,Returned,TRK47077,1,SAVE10,Facebook,317.25,2024-02-1
ORD20004,,C43212,Monitor,4,550.14,223 Main St,Debit Card,Pending,TRK25100,4,FREESHIP,Instagram,2200.56,2024-06-2
ORD20004,,C38134,Desk,2,209.94,323 Main St,Credit Card,Returned,TRK42450,3,FREESHIP,Email,419.88,2023-07-1
ORD20004,,C12408,Monitor,2,80.77,464 Main St,Debit Card,Shipped,TRK38938,4,NoCoupon,Google,161.54,2023-08-2
ORD20004,,C11985,Printer,1,30.44,633 Main St,Credit Card,Shipped,TRK53272,1,SAVE10,Email,30.44,2023-10-0
ORD2000,,C96494,Tablet,1,179.22,446 Main St,Online,Cancelled,TRK14675,6,FREESHIP,Instagram,179.22,2023-07-3
ORD2000,,C36778,Tablet,1,388.33,434 Main St,Cash,Returned,TRK67610,2,SAVE10,Facebook,388.33,2024-12-3
ORD2000,,C30513,Tablet,1,586.44,232 Main St,Online,Returned,TRK64320,5,SAVE10,Facebook,586.44,2024-09-0
ORD2000,,C67551,Phone,4,488.78,512 Main St,Online,Returned,TRK94992,5,FREESHIP,Google,1955.12,2024-05-1
ORD2000,,C48120,Chair,1,280.25,623 Main St,Online,Pending,TRK11014,5,WINTER15,Email,280.25,2025-03-2
ORD2000,,C95984,Printer,3,344.4,565 Main St,Online,Cancelled,TRK67434,3,NoCoupon,Facebook,1033.2,2025-06-2
ORD2000,,C54298,Tablet,3,479.21,566 Main St,Cash,Cancelled,TRK62902,5,WINTER15,Referral,1437.63,2023-05-2
ORD2000,,C88036,Printer,5,314.27,842 Main St,Cash,Returned,TRK52470,6,SAVE10,Instagram,1571.35,2023-01-2
ORD2000,,C60190,Phone,4,474.69,202 Main St,Gift Card,Cancelled,TRK70857,6,SAVE10,Google,1898.76,2023-01-1
ORD2000,,C97603,Chair,4,593.27,811 Main St,Online,Shipped,TRK47055,5,NoCoupon,Facebook,2373.08,2024-09-1
ORD2000,,C39256,Desk,1,417.1,634 Main St,Debit Card,Returned,TRK23412,3,FREESHIP,Referral,417.1,2024-08-2
ORD2000,,C61618,Desk,4,122.2,104 Main St,Cash,Delivered,TRK43458,7,FREESHIP,Facebook,488.8,2024-03-2
ORD2000,,C36497,Desk,2,43.15,691 Main St,Debit Card,Pending,TRK12102,3,WINTER15,Email,86.3,2023-08-2
ORD2000,,C96695,Chair,1,564.86,813 Main St,Debit Card,Shipped,TRK64283,6,WINTER15,Referral,564.86,2025-02-0
ORD2000,,C49720,Printer,3,130.61,752 Main St,Debit Card,Cancelled,TRK55785,4,FREESHIP,Facebook,391.83,2025-06-2
ORD2000,,C97735,Monitor,5,81.7,385 Main St,Credit Card,Delivered,TRK13743,6,NoCoupon,Instagram,408.5,2023-12-3
ORD2000,,C18104,Chair,5,127.18,715 Main St,Cash,Cancelled,TRK15488,9,SAVE10,Referral,635.9,2024-11-1
ORD2000,,C25587,Printer,4,12.1,440 Main St,Debit Card,Cancelled,TRK55105,8,NoCoupon,Google,48.4,2024-12-0
ORD2000,,C41598,Chair,3,490.92,709 Main St,Credit Card,Pending,TRK81665,5,FREESHIP,Email,1472.76,2023-12-1
ORD2000,,C43338,Monitor,3,478.65,552 Main St,Online,Shipped,TRK35241,4,NoCoupon,Referral,1435.95,2023-05-1
ORD2000,,C25123,Desk,1,629.21,384 Main St,Gift Card,Pending,TRK27812,2,FREESHIP,Instagram,629.21,2023-05-2
ORD2000,,C37454,Monitor,3,434.45,923 Main St,Credit Card,Pending,TRK28252,4,NoCoupon,Referral,1303.35,2025-06-1
ORD2000,,C19451,Tablet,4,589.44,942 Main St,Gift Card,Returned,TRK87787,5,NoCoupon,Facebook,2357.76,2024-12-2
ORD2000,,C17269,Monitor,4,433.45,129 Main St,Gift Card,Cancelled,TRK79608,4,NoCoupon,Facebook,1733.8,2023-05-0
ORD2000,,C25382,Phone,5,90.87,622 Main St,Cash,Pending,TRK64691,5,NoCoupon,Instagram,454.35,2023-06-2
ORD2000,,C80651,Tablet,3,398.17,917 Main St,Debit Card,Delivered,TRK14846,5,SAVE10,Email,1194.51,2023-09-2
ORD2000,,C58638,Laptop,4,382.88,239 Main St,Cash,Cancelled,TRK38224,6,WINTER15,Email,1531.52,2024-03-3
ORD2000,,C50121,Phone,1,583.18,348 Main St,Credit Card,Returned,TRK79810,5,NoCoupon,Google,583.18,2024-05-2
ORD2000,,C32029,Printer,4,175.36,146 Main St,Debit Card,Delivered,TRK68535,4,FREESHIP,Instagram,701.44,2024-08-0
ORD2000,,C76700,Tablet,2,311.91,103 Main St,Online,Shipped,TRK13036,2,NoCoupon,Facebook,623.82,2025-03-1
ORD20008,,C29041,Phone,3,589.56,591 Main St,Online,Returned,TRK28840,6,NoCoupon,Facebook,1768.68,2023-06-2
ORD20008,,C29314,Monitor,2,394.3,496 Main St,Cash,Shipped,TRK59876,6,FREESHIP,Email,788.6,2023-06-0
ORD20008,,C65799,Tablet,4,565.2,971 Main St,Debit Card,Shipped,TRK66906,9,SAVE10,Google,2260.8,2024-01-0
ORD20008,,C15681,Laptop,4,540.41,989 Main St,Credit Card,Cancelled,TRK75112,6,NoCoupon,Referral,2161.64,2023-08-2
ORD20008,,C64160,Monitor,2,165.49,967 Main St,Online,Shipped,TRK34121,4,WINTER15,Instagram,330.98,2023-08-2
ORD20008,,C14553,Tablet,3,146.73,768 Main St,Cash,Delivered,TRK93538,8,FREESHIP,Email,440.19,2024-09-0
ORD20008,,C88205,Printer,5,643.03,447 Main St,Online,Cancelled,TRK93504,5,FREESHIP,Referral,3215.15,2024-06-1
ORD20008,,C91245,Tablet,3,225.11,915 Main St,Cash,Shipped,TRK46976,4,SAVE10,Facebook,675.33,2024-10-1
ORD20008,,C75439,Desk,3,114.81,318 Main St,Gift Card,Cancelled,TRK19831,7,NoCoupon,Google,344.43,2025-06-0
ORD20008,,C17181,Printer,5,455.33,291 Main St,Credit Card,Cancelled,TRK78912,8,FREESHIP,Google,2276.65,2025-02-2
ORD20009,,C36540,Chair,4,182.08,611 Main St,Gift Card,Delivered,TRK35828,4,SAVE10,Email,728.32,2023-09-1
ORD20009,,C98216,Laptop,5,492.75,196 Main St,Cash,Shipped,TRK40986,6,WINTER15,Referral,2463.75,2023-03-1
ORD20009,,C29568,Printer,4,48.61,203 Main St,Online,Shipped,TRK46531,7,FREESHIP,Facebook,194.44,2024-06-1
ORD20009,,C97262,Desk,4,431.01,837 Main St,Credit Card,Returned,TRK65990,7,NoCoupon,Referral,1724.04,2023-01-1
ORD20009,,C79821,Chair,1,531.18,781 Main St,Gift Card,Returned,TRK12780,6,WINTER15,Instagram,531.18,2023-02-1
ORD20009,,C76761,Printer,4,117.51,839 Main St,Debit Card,Returned,TRK60179,7,NoCoupon,Referral,470.04,2023-03-2
ORD20009,,C93007,Phone,2,232.83,103 Main St,Gift Card,Delivered,TRK85696,7,NoCoupon,Instagram,465.66,2024-06-0
ORD20009,,C15624,Tablet,5,619.52,922 Main St,Debit Card,Pending,TRK40621,9,NoCoupon,Email,3097.6,2025-01-2
ORD20009,,C70921,Printer,2,228.54,533 Main St,Debit Card,Pending,TRK54983,3,NoCoupon,Email,457.08,2023-01-1
ORD20009,,C30477,Printer,1,201.58,717 Main St,Debit Card,Cancelled,TRK51829,2,WINTER15,Email,201.58,2025-04-1
ORD20010,,C74866,Phone,3,664.79,743 Main St,Online,Delivered,TRK53783,6,NoCoupon,Facebook,1994.37,2023-02-1
ORD20010,,C15283,Printer,1,381.02,152 Main St,Cash,Shipped,TRK19286,6,NoCoupon,Google,381.02,2023-11-2
ORD20010,,C18037,Laptop,2,70.34,944 Main St,Gift Card,Cancelled,TRK47362,3,FREESHIP,Email,140.68,2023-03-0
ORD20010,,C62656,Phone,4,218.43,514 Main St,Credit Card,Cancelled,TRK86296,9,SAVE10,Email,873.72,2025-01-2
ORD20010,,C65744,Phone,1,582.04,647 Main St,Gift Card,Delivered,TRK39906,1,FREESHIP,Email,582.04,2024-07-3
ORD20010,,C72290,Printer,3,185.4,810 Main St,Gift Card,Cancelled,TRK68792,7,NoCoupon,Facebook,556.2,2024-10-2
ORD20010,,C73514,Desk,3,465.05,126 Main St,Credit Card,Cancelled,TRK96777,3,SAVE10,Email,1395.15,2023-09-0
ORD20010,,C16775,Printer,5,670.75,848 Main St,Gift Card,Shipped,TRK34392,8,FREESHIP,Instagram,3353.75,2023-03-2
ORD20010,,C33099,Laptop,5,48.38,522 Main St,Gift Card,Delivered,TRK28522,9,WINTER15,Email,241.9,2024-12-2
ORD20010,,C51157,Desk,3,592.87,131 Main St,Gift Card,Shipped,TRK18674,3,FREESHIP,Referral,1778.61,2023-09-1
ORD2001,,C74562,Tablet,1,220.77,388 Main St,Gift Card,Pending,TRK32062,5,FREESHIP,Instagram,220.77,2024-04-2
ORD2001,,C95271,Desk,3,309.22,620 Main St,Online,Cancelled,TRK74904,7,FREESHIP,Google,927.66,2025-05-0
ORD2001,,C81366,Monitor,1,410.6,423 Main St,Online,Cancelled,TRK17062,2,WINTER15,Referral,410.6,2023-01-0
ORD2001,,C65905,Laptop,5,190.08,605 Main St,Cash,Shipped,TRK73954,9,FREESHIP,Instagram,950.4,2024-01-1
ORD2001,,C77272,Monitor,5,498.48,115 Main St,Online,Pending,TRK29708,8,SAVE10,Google,2492.4,2025-01-2
ORD2001,,C32580,Phone,5,374.99,122 Main St,Online,Shipped,TRK23670,9,SAVE10,Facebook,1874.95,2023-11-2
ORD2001,,C47761,Printer,4,291.35,109 Main St,Credit Card,Cancelled,TRK66669,6,WINTER15,Facebook,1165.4,2023-03-1
ORD2001,,C49187,Tablet,1,535.5,593 Main St,Gift Card,Cancelled,TRK81888,5,WINTER15,Referral,535.5,2023-03-0
ORD2001,,C27898,Printer,5,502.71,807 Main St,Gift Card,Shipped,TRK61957,7,FREESHIP,Google,2513.55,2023-10-0
ORD2001,,C14683,Desk,2,534.67,187 Main St,Debit Card,Shipped,TRK47373,7,FREESHIP,Referral,1069.34,2025-06-1
ORD2001,,C58108,Tablet,4,629.34,986 Main St,Cash,Cancelled,TRK66218,4,WINTER15,Instagram,2517.36,2023-04-1
ORD2001,,C89822,Desk,1,410.78,673 Main St,Cash,Cancelled,TRK24138,1,FREESHIP,Instagram,410.78,2023-11-3
ORD2001,,C96787,Laptop,2,533.02,588 Main St,Gift Card,Shipped,TRK30422,2,NoCoupon,Facebook,1066.04,2024-04-1
ORD2001,,C86064,Desk,3,278.04,727 Main St,Online,Delivered,TRK62182,5,NoCoupon,Instagram,834.12,2023-07-0
ORD2001,,C97148,Printer,4,283.79,563 Main St,Online,Pending,TRK85321,8,NoCoupon,Google,1135.16,2024-07-2
ORD2001,,C91099,Phone,2,512.65,758 Main St,Credit Card,Shipped,TRK81846,5,SAVE10,Email,1025.3,2024-11-0
ORD2001,,C55606,Desk,4,275.5,353 Main St,Gift Card,Shipped,TRK68250,8,FREESHIP,Google,1102.0,2025-05-0
ORD2001,,C71486,Desk,3,469.32,365 Main St,Debit Card,Shipped,TRK73929,3,NoCoupon,Google,1407.96,2023-08-1
ORD2001,,C86408,Tablet,4,21.07,244 Main St,Gift Card,Delivered,TRK41432,4,FREESHIP,Google,84.28,2023-02-1
ORD2001,,C52751,Laptop,4,263.93,427 Main St,Debit Card,Shipped,TRK72481,4,FREESHIP,Facebook,1055.72,2023-10-2
ORD2001,,C29059,Desk,3,501.3,513 Main St,Online,Cancelled,TRK88360,3,WINTER15,Facebook,1503.9,2025-01-2
ORD2001,,C72862,Tablet,1,84.8,606 Main St,Gift Card,Pending,TRK51648,5,NoCoupon,Instagram,84.8,2023-01-0
ORD2001,,C96257,Tablet,4,450.75,583 Main St,Credit Card,Shipped,TRK13137,6,WINTER15,Email,1803.0,2023-03-2
ORD2001,,C87432,Chair,4,302.05,636 Main St,Debit Card,Cancelled,TRK68969,6,SAVE10,Google,1208.2,2025-06-2
ORD2001,,C16253,Laptop,2,199.7,583 Main St,Cash,Pending,TRK17354,4,NoCoupon,Email,399.4,2025-06-2
ORD2001,,C79909,Printer,2,68.81,642 Main St,Gift Card,Shipped,TRK86742,5,SAVE10,Referral,137.62,2023-08-0
ORD2001,,C73370,Laptop,1,44.35,595 Main St,Gift Card,Cancelled,TRK67820,1,SAVE10,Instagram,44.35,2024-04-2
ORD2001,,C50682,Monitor,2,250.98,598 Main St,Credit Card,Delivered,TRK12242,5,NoCoupon,Google,501.96,2024-11-2
ORD2001,,C21905,Tablet,1,298.06,478 Main St,Debit Card,Pending,TRK31863,3,WINTER15,Google,298.06,2023-12-2
ORD2001,,C61440,Phone,1,583.9,714 Main St,Cash,Returned,TRK33114,1,NoCoupon,Email,583.9,2023-04-1
ORD20014,,C33110,Chair,3,528.14,388 Main St,Online,Delivered,TRK38624,3,FREESHIP,Email,1584.42,2025-05-3
ORD20014,,C80004,Printer,3,684.14,151 Main St,Cash,Cancelled,TRK66230,3,WINTER15,Instagram,2052.42,2023-11-1
ORD20014,,C86374,Desk,5,272.77,573 Main St,Cash,Pending,TRK79451,7,WINTER15,Email,1363.85,2023-09-0
ORD20014,,C66521,Chair,4,400.07,933 Main St,Online,Shipped,TRK34654,5,NoCoupon,Referral,1600.28,2024-06-1
ORD20014,,C63365,Desk,5,219.78,895 Main St,Credit Card,Pending,TRK80100,8,NoCoupon,Facebook,1098.9,2023-08-0
ORD20014,,C85929,Printer,3,146.91,798 Main St,Credit Card,Delivered,TRK29318,6,FREESHIP,Google,440.73,2024-03-0
ORD20014,,C84645,Tablet,2,411.49,404 Main St,Credit Card,Returned,TRK68893,4,NoCoupon,Instagram,822.98,2025-04-3
ORD20014,,C46316,Laptop,2,465.18,893 Main St,Credit Card,Cancelled,TRK16196,2,SAVE10,Google,930.36,2025-05-0
ORD20014,,C35100,Phone,2,319.91,139 Main St,Credit Card,Cancelled,TRK56853,3,WINTER15,Google,639.82,2024-12-1
ORD20014,,C39671,Laptop,1,217.56,174 Main St,Debit Card,Delivered,TRK47153,3,NoCoupon,Facebook,217.56,2023-12-2
ORD2001,,C25503,Phone,2,105.57,981 Main St,Debit Card,Returned,TRK29878,5,WINTER15,Google,211.14,2023-12-1
ORD2001,,C32960,Printer,5,444.76,947 Main St,Debit Card,Returned,TRK91226,7,NoCoupon,Email,2223.8,2023-12-0
ORD2001,,C77736,Chair,2,399.04,659 Main St,Cash,Cancelled,TRK90329,3,FREESHIP,Referral,798.08,2025-01-0
ORD2001,,C71570,Chair,4,534.48,437 Main St,Online,Returned,TRK95992,9,WINTER15,Instagram,2137.92,2024-12-1
ORD2001,,C73587,Phone,4,408.21,727 Main St,Credit Card,Pending,TRK13955,9,NoCoupon,Instagram,1632.84,2023-07-2
ORD2001,,C62740,Phone,1,424.4,446 Main St,Online,Shipped,TRK20706,6,WINTER15,Referral,424.4,2023-02-2
ORD2001,,C58808,Chair,2,269.83,651 Main St,Online,Delivered,TRK24451,4,SAVE10,Email,539.66,2024-11-0
ORD2001,,C50422,Monitor,2,564.58,636 Main St,Online,Returned,TRK71227,4,WINTER15,Facebook,1129.16,2025-02-2
ORD2001,,C23334,Tablet,1,331.06,737 Main St,Credit Card,Pending,TRK46335,5,WINTER15,Instagram,331.06,2024-05-1
ORD2001,,C48965,Printer,1,299.35,819 Main St,Credit Card,Cancelled,TRK50921,5,WINTER15,Email,299.35,2023-10-3
ORD2001,,C38669,Monitor,4,101.32,240 Main St,Cash,Pending,TRK81738,7,NoCoupon,Referral,405.28,2023-02-1
ORD2001,,C35091,Monitor,1,211.14,513 Main St,Credit Card,Cancelled,TRK53784,1,SAVE10,Facebook,211.14,2024-03-2
ORD2001,,C82313,Chair,3,65.86,917 Main St,Online,Pending,TRK79854,8,WINTER15,Google,197.58,2023-07-2
ORD2001,,C99589,Tablet,1,641.39,277 Main St,Online,Cancelled,TRK16695,1,NoCoupon,Referral,641.39,2025-06-2
ORD2001,,C70566,Desk,5,536.58,667 Main St,Gift Card,Pending,TRK49673,5,SAVE10,Google,2682.9,2023-12-2
ORD2001,,C60355,Monitor,2,500.29,226 Main St,Online,Returned,TRK30155,7,WINTER15,Google,1000.58,2024-09-1
ORD2001,,C28889,Chair,3,86.29,565 Main St,Cash,Delivered,TRK23791,6,WINTER15,Instagram,258.87,2025-03-0
ORD2001,,C88304,Chair,2,384.14,219 Main St,Online,Returned,TRK44268,2,WINTER15,Email,768.28,2023-05-2
ORD2001,,C49517,Printer,1,594.96,878 Main St,Cash,Returned,TRK78551,6,NoCoupon,Facebook,594.96,2025-01-0
ORD2001,,C35785,Printer,1,427.82,732 Main St,Online,Delivered,TRK78923,2,WINTER15,Email,427.82,2024-04-0
ORD2001,,C80223,Desk,4,662.94,535 Main St,Cash,Cancelled,TRK68632,8,SAVE10,Instagram,2651.76,2025-04-0
ORD2001,,C20448,Tablet,2,148.22,336 Main St,Credit Card,Delivered,TRK67379,7,WINTER15,Instagram,296.44,2023-08-1
ORD2001,,C34134,Printer,1,254.12,365 Main St,Online,Delivered,TRK43074,1,WINTER15,Email,254.12,2025-04-0
ORD2001,,C95901,Phone,3,664.46,806 Main St,Online,Delivered,TRK56989,4,FREESHIP,Google,1993.38,2024-03-2
ORD2001,,C51145,Printer,4,600.81,790 Main St,Debit Card,Delivered,TRK59154,9,SAVE10,Email,2403.24,2024-04-1
ORD2001,,C78170,Chair,5,68.34,332 Main St,Debit Card,Pending,TRK71410,6,WINTER15,Referral,341.7,2025-02-0
ORD2001,,C80151,Tablet,4,430.83,553 Main St,Gift Card,Pending,TRK88251,8,WINTER15,Referral,1723.32,2025-06-2
ORD2001,,C55632,Chair,5,431.69,354 Main St,Credit Card,Pending,TRK13003,10,NoCoupon,Facebook,2158.45,2023-08-0
ORD2001,,C53070,Chair,4,512.06,283 Main St,Online,Delivered,TRK49791,5,SAVE10,Google,2048.24,2024-04-1
ORD2001,,C27401,Laptop,3,539.91,500 Main St,Credit Card,Delivered,TRK14332,8,NoCoupon,Email,1619.73,2024-11-2
ORD20018,,C87216,Tablet,5,316.07,970 Main St,Cash,Returned,TRK18713,10,NoCoupon,Google,1580.35,2023-03-1
ORD20018,,C38966,Printer,5,404.39,247 Main St,Online,Shipped,TRK17205,10,NoCoupon,Referral,2021.95,2024-08-3
ORD20018,,C16612,Desk,1,600.54,596 Main St,Debit Card,Pending,TRK96188,4,WINTER15,Google,600.54,2025-03-1
ORD20018,,C39246,Monitor,5,186.28,258 Main St,Debit Card,Delivered,TRK16658,8,SAVE10,Email,931.4,2024-04-1
ORD20018,,C65180,Tablet,4,214.54,231 Main St,Gift Card,Cancelled,TRK39255,7,NoCoupon,Referral,858.16,2024-04-0
ORD20018,,C46877,Laptop,1,210.7,572 Main St,Online,Shipped,TRK96935,2,WINTER15,Referral,210.7,2025-02-0
ORD20018,,C30334,Phone,2,133.55,322 Main St,Cash,Pending,TRK66388,7,FREESHIP,Facebook,267.1,2023-12-0
ORD20018,,C21227,Chair,1,590.87,689 Main St,Gift Card,Returned,TRK79129,6,FREESHIP,Referral,590.87,2023-02-0
ORD20018,,C97715,Chair,2,363.91,927 Main St,Gift Card,Shipped,TRK19515,2,FREESHIP,Referral,727.82,2025-03-1
ORD20018,,C48939,Printer,5,429.45,597 Main St,Gift Card,Cancelled,TRK62786,5,WINTER15,Email,2147.25,2023-07-0
ORD20019,,C35483,Printer,3,223.7,725 Main St,Cash,Returned,TRK79638,3,SAVE10,Email,671.1,2024-08-3
ORD20019,,C51494,Laptop,2,488.87,505 Main St,Online,Cancelled,TRK58520,4,FREESHIP,Google,977.74,2025-03-0
ORD20019,,C58410,Desk,1,645.46,151 Main St,Gift Card,Cancelled,TRK19749,5,SAVE10,Google,645.46,2023-08-1
ORD20019,,C11644,Printer,1,46.66,429 Main St,Cash,Cancelled,TRK81320,6,NoCoupon,Google,46.66,2023-07-2
ORD20019,,C53501,Monitor,1,249.57,899 Main St,Cash,Shipped,TRK90144,3,FREESHIP,Google,249.57,2024-06-0
ORD20019,,C63619,Chair,3,619.21,801 Main St,Debit Card,Cancelled,TRK65385,6,NoCoupon,Email,1857.63,2024-04-2
ORD20019,,C40882,Desk,4,217.13,719 Main St,Cash,Delivered,TRK64165,8,WINTER15,Email,868.52,2025-01-2
ORD20019,,C80135,Laptop,5,221.51,723 Main St,Cash,Returned,TRK95222,5,WINTER15,Referral,1107.55,2023-08-2
ORD20019,,C37594,Laptop,4,340.3,926 Main St,Cash,Cancelled,TRK94405,8,SAVE10,Referral,1361.2,2024-06-1
ORD20019,,C87524,Phone,1,625.0,358 Main St,Online,Returned,TRK21114,5,WINTER15,Google,625.0,2025-01-2
ORD20020,,C97681,Tablet,5,433.26,895 Main St,Credit Card,Delivered,TRK37531,9,SAVE10,Google,2166.3,2025-06-0
ORD20020,,C10126,Monitor,2,674.9,146 Main St,Online,Shipped,TRK75607,4,SAVE10,Facebook,1349.8,2023-06-1
ORD20020,,C36938,Monitor,3,253.98,636 Main St,Credit Card,Cancelled,TRK52522,3,FREESHIP,Email,761.94,2025-02-0
ORD20020,,C99173,Printer,3,356.84,172 Main St,Online,Shipped,TRK89849,5,SAVE10,Instagram,1070.52,2025-01-2
ORD20020,,C99775,Laptop,4,413.71,478 Main St,Gift Card,Cancelled,TRK21638,9,FREESHIP,Facebook,1654.84,2023-09-0
ORD20020,,C19266,Desk,3,147.39,609 Main St,Debit Card,Returned,TRK58357,3,NoCoupon,Email,442.17,2023-03-0
ORD20020,,C31072,Laptop,4,229.1,729 Main St,Gift Card,Returned,TRK77172,8,WINTER15,Email,916.4,2024-04-1
ORD20020,,C54595,Phone,1,121.96,999 Main St,Debit Card,Delivered,TRK44416,3,NoCoupon,Google,121.96,2025-03-1
ORD20020,,C87777,Desk,2,408.32,597 Main St,Online,Shipped,TRK29003,3,FREESHIP,Facebook,816.64,2024-10-0
ORD20020,,C35854,Tablet,5,187.97,706 Main St,Cash,Returned,TRK30615,9,SAVE10,Google,939.85,2023-08-2
ORD2002,,C93821,Chair,3,358.48,513 Main St,Gift Card,Delivered,TRK10658,7,FREESHIP,Facebook,1075.44,2024-12-0
ORD2002,,C54390,Printer,3,193.58,185 Main St,Gift Card,Pending,TRK83853,7,FREESHIP,Email,580.74,2025-01-0
ORD2002,,C53215,Monitor,1,265.38,367 Main St,Credit Card,Cancelled,TRK34751,6,WINTER15,Email,265.38,2023-06-2
ORD2002,,C71122,Laptop,1,634.4,317 Main St,Cash,Cancelled,TRK54757,6,SAVE10,Email,634.4,2023-04-2
ORD2002,,C29483,Desk,4,305.72,673 Main St,Online,Delivered,TRK89423,5,NoCoupon,Facebook,1222.88,2024-08-2
ORD2002,,C26767,Printer,1,303.6,432 Main St,Cash,Shipped,TRK24585,5,FREESHIP,Facebook,303.6,2023-08-1
ORD2002,,C70492,Monitor,4,496.0,811 Main St,Online,Cancelled,TRK84625,8,WINTER15,Google,1984.0,2025-04-1
ORD2002,,C61549,Desk,4,321.51,908 Main St,Cash,Returned,TRK65596,9,NoCoupon,Google,1286.04,2024-05-2
ORD2002,,C11665,Tablet,3,112.46,882 Main St,Gift Card,Shipped,TRK10993,6,SAVE10,Instagram,337.38,2023-04-2
ORD2002,,C48946,Laptop,5,61.97,457 Main St,Cash,Delivered,TRK99387,6,SAVE10,Email,309.85,2025-05-0
ORD2002,,C79506,Laptop,2,373.17,497 Main St,Credit Card,Pending,TRK95188,6,SAVE10,Referral,746.34,2023-07-1
ORD2002,,C93473,Tablet,5,639.37,552 Main St,Debit Card,Pending,TRK50003,6,SAVE10,Google,3196.85,2024-02-2
ORD2002,,C43124,Chair,4,693.36,931 Main St,Online,Shipped,TRK17293,8,NoCoupon,Instagram,2773.44,2023-05-0
ORD2002,,C22783,Phone,4,692.91,673 Main St,Credit Card,Pending,TRK55009,9,SAVE10,Instagram,2771.64,2024-09-1
ORD2002,,C18567,Printer,4,91.46,507 Main St,Cash,Cancelled,TRK17554,9,SAVE10,Referral,365.84,2023-09-2
ORD2002,,C99879,Phone,3,273.96,692 Main St,Debit Card,Returned,TRK50246,8,SAVE10,Google,821.88,2024-03-1
ORD2002,,C31501,Desk,3,588.05,242 Main St,Gift Card,Delivered,TRK93063,8,NoCoupon,Instagram,1764.15,2025-06-2
ORD2002,,C93220,Monitor,2,365.17,353 Main St,Online,Cancelled,TRK89023,4,FREESHIP,Facebook,730.34,2023-11-0
ORD2002,,C57867,Chair,4,385.92,579 Main St,Credit Card,Cancelled,TRK92055,8,NoCoupon,Instagram,1543.68,2023-05-1
ORD2002,,C62622,Tablet,1,562.61,762 Main St,Credit Card,Delivered,TRK70997,3,WINTER15,Facebook,562.61,2025-03-2
ORD2002,,C94595,Desk,4,61.91,948 Main St,Gift Card,Delivered,TRK24497,6,WINTER15,Email,247.64,2023-12-1
ORD2002,,C30955,Phone,4,41.9,327 Main St,Gift Card,Pending,TRK46898,9,FREESHIP,Instagram,167.6,2023-11-0
ORD2002,,C20731,Printer,4,444.44,610 Main St,Debit Card,Cancelled,TRK75568,8,WINTER15,Google,1777.76,2023-05-1
ORD2002,,C30168,Phone,3,311.33,146 Main St,Cash,Cancelled,TRK73699,3,WINTER15,Instagram,933.99,2024-08-2
ORD2002,,C79842,Printer,4,236.41,337 Main St,Debit Card,Pending,TRK26957,7,SAVE10,Google,945.64,2024-11-2
ORD2002,,C32854,Desk,1,65.45,815 Main St,Cash,Pending,TRK30009,2,WINTER15,Google,65.45,2023-02-2
ORD2002,,C14847,Monitor,1,318.81,562 Main St,Debit Card,Pending,TRK39663,3,WINTER15,Email,318.81,2023-01-0
ORD2002,,C88645,Monitor,3,583.72,783 Main St,Credit Card,Shipped,TRK74097,5,FREESHIP,Facebook,1751.16,2024-03-1
ORD2002,,C66149,Desk,4,384.32,770 Main St,Credit Card,Pending,TRK76307,6,WINTER15,Google,1537.28,2024-12-1
ORD2002,,C20256,Tablet,3,538.74,456 Main St,Online,Shipped,TRK71127,6,FREESHIP,Email,1616.22,2024-12-1
ORD20024,,C14983,Tablet,1,17.24,255 Main St,Online,Pending,TRK93444,2,FREESHIP,Instagram,17.24,2023-07-1
ORD20024,,C20817,Chair,5,615.67,407 Main St,Online,Pending,TRK44164,6,SAVE10,Email,3078.35,2023-05-1
ORD20024,,C94921,Printer,2,219.1,134 Main St,Online,Pending,TRK97794,4,SAVE10,Referral,438.2,2023-05-0
ORD20024,,C54725,Chair,2,144.66,506 Main St,Online,Cancelled,TRK30601,7,FREESHIP,Google,289.32,2025-05-0
ORD20024,,C98096,Desk,2,317.77,838 Main St,Debit Card,Cancelled,TRK51518,4,WINTER15,Facebook,635.54,2023-02-1
ORD20024,,C12667,Laptop,1,223.3,306 Main St,Online,Returned,TRK25390,1,NoCoupon,Facebook,223.3,2025-04-2
ORD20024,,C55354,Desk,2,342.11,164 Main St,Gift Card,Shipped,TRK15439,2,WINTER15,Instagram,684.22,2024-08-3
ORD20024,,C14600,Printer,2,220.9,785 Main St,Gift Card,Shipped,TRK84984,4,NoCoupon,Email,441.8,2023-07-2
ORD20024,,C97187,Laptop,1,670.54,471 Main St,Cash,Shipped,TRK62283,6,FREESHIP,Referral,670.54,2023-07-0
ORD20024,,C39106,Printer,1,546.19,245 Main St,Cash,Pending,TRK35464,5,FREESHIP,Referral,546.19,2024-02-0
ORD2002,,C93379,Desk,3,42.95,318 Main St,Gift Card,Returned,TRK67954,8,SAVE10,Email,128.85,2023-04-0
ORD2002,,C93175,Monitor,4,14.69,814 Main St,Cash,Cancelled,TRK32995,9,NoCoupon,Email,58.76,2025-05-1
ORD2002,,C19648,Phone,4,668.36,821 Main St,Gift Card,Cancelled,TRK51297,5,FREESHIP,Facebook,2673.44,2024-09-2
ORD2002,,C14891,Chair,4,413.74,743 Main St,Gift Card,Returned,TRK79471,7,FREESHIP,Instagram,1654.96,2024-03-2
ORD2002,,C10866,Monitor,3,263.19,770 Main St,Online,Delivered,TRK34809,5,NoCoupon,Instagram,789.57,2023-12-2
ORD2002,,C47283,Monitor,1,263.96,806 Main St,Gift Card,Returned,TRK56235,2,SAVE10,Google,263.96,2024-05-1
ORD2002,,C94323,Chair,5,75.81,463 Main St,Gift Card,Returned,TRK22663,10,WINTER15,Instagram,379.05,2025-06-3
ORD2002,,C89732,Phone,1,406.22,712 Main St,Credit Card,Cancelled,TRK41059,5,SAVE10,Referral,406.22,2024-04-2
ORD2002,,C87764,Tablet,2,103.41,294 Main St,Online,Shipped,TRK94082,2,FREESHIP,Referral,206.82,2024-02-2
ORD2002,,C20977,Chair,4,435.12,636 Main St,Credit Card,Delivered,TRK54991,9,SAVE10,Instagram,1740.48,2023-06-1
ORD2002,,C12245,Monitor,2,407.79,153 Main St,Debit Card,Shipped,TRK22000,3,NoCoupon,Google,815.58,2023-05-1
ORD2002,,C68976,Phone,5,173.65,460 Main St,Gift Card,Delivered,TRK25491,9,SAVE10,Email,868.25,2025-05-2
ORD2002,,C69476,Phone,4,249.07,642 Main St,Credit Card,Returned,TRK65869,5,WINTER15,Referral,996.28,2023-01-1
ORD2002,,C71040,Phone,4,434.85,250 Main St,Credit Card,Pending,TRK41397,4,WINTER15,Google,1739.4,2023-03-2
ORD2002,,C71035,Tablet,1,436.77,977 Main St,Cash,Returned,TRK19599,5,FREESHIP,Google,436.77,2024-08-0
ORD2002,,C20752,Printer,1,572.13,150 Main St,Debit Card,Cancelled,TRK22298,4,SAVE10,Google,572.13,2023-12-2
ORD2002,,C38840,Chair,4,583.07,589 Main St,Credit Card,Cancelled,TRK48484,6,FREESHIP,Referral,2332.28,2024-06-0
ORD2002,,C84480,Chair,5,468.51,803 Main St,Debit Card,Delivered,TRK62361,9,NoCoupon,Facebook,2342.55,2025-04-1
ORD2002,,C37032,Phone,2,423.88,655 Main St,Debit Card,Delivered,TRK48639,7,SAVE10,Referral,847.76,2023-08-1
ORD2002,,C48942,Tablet,4,663.67,129 Main St,Credit Card,Pending,TRK29355,7,FREESHIP,Google,2654.68,2023-11-2
ORD2002,,C13540,Printer,4,309.91,127 Main St,Debit Card,Shipped,TRK81087,5,WINTER15,Google,1239.64,2023-06-0
ORD2002,,C59572,Monitor,1,542.07,791 Main St,Cash,Shipped,TRK16792,6,WINTER15,Referral,542.07,2023-03-2
ORD2002,,C29758,Chair,2,399.32,119 Main St,Online,Pending,TRK12990,6,WINTER15,Instagram,798.64,2023-09-1
ORD2002,,C11849,Tablet,2,238.25,974 Main St,Online,Cancelled,TRK91195,7,FREESHIP,Email,476.5,2024-10-2
ORD2002,,C50967,Phone,2,182.4,884 Main St,Gift Card,Cancelled,TRK65300,5,SAVE10,Referral,364.8,2023-02-0
ORD2002,,C80735,Chair,2,65.07,360 Main St,Credit Card,Cancelled,TRK99880,4,SAVE10,Google,130.14,2023-11-0
ORD2002,,C99050,Printer,2,600.57,654 Main St,Debit Card,Returned,TRK56927,3,WINTER15,Instagram,1201.14,2025-03-2
ORD2002,,C11210,Chair,5,90.92,910 Main St,Credit Card,Delivered,TRK44929,9,SAVE10,Facebook,454.6,2024-09-0
ORD2002,,C46015,Laptop,5,362.46,299 Main St,Cash,Delivered,TRK46598,6,FREESHIP,Instagram,1812.3,2024-11-1
ORD2002,,C69167,Chair,3,55.01,263 Main St,Online,Pending,TRK12425,7,WINTER15,Email,165.03,2023-10-2
ORD20028,,C55388,Tablet,3,404.62,740 Main St,Gift Card,Delivered,TRK75741,6,FREESHIP,Instagram,1213.86,2023-03-2
ORD20028,,C87181,Desk,4,654.79,195 Main St,Cash,Pending,TRK60093,9,NoCoupon,Referral,2619.16,2023-07-2
ORD20028,,C30411,Printer,4,637.79,375 Main St,Gift Card,Cancelled,TRK71810,9,FREESHIP,Google,2551.16,2025-04-2
ORD20028,,C39638,Laptop,4,540.33,990 Main St,Cash,Shipped,TRK69745,6,NoCoupon,Google,2161.32,2025-02-2
ORD20028,,C27203,Laptop,5,208.17,516 Main St,Credit Card,Returned,TRK22023,6,SAVE10,Facebook,1040.85,2023-02-1
ORD20028,,C67583,Phone,1,338.31,974 Main St,Online,Delivered,TRK93281,3,NoCoupon,Google,338.31,2025-06-1
ORD20028,,C70554,Monitor,3,139.45,187 Main St,Gift Card,Returned,TRK61086,8,WINTER15,Google,418.35,2025-04-0
ORD20028,,C70437,Chair,4,655.18,630 Main St,Online,Shipped,TRK26628,5,NoCoupon,Facebook,2620.72,2023-11-2
ORD20028,,C97643,Laptop,4,512.75,537 Main St,Debit Card,Returned,TRK60831,8,WINTER15,Google,2051.0,2023-03-1
ORD20028,,C17136,Chair,4,160.49,333 Main St,Credit Card,Shipped,TRK55362,8,WINTER15,Referral,641.96,2023-07-2
ORD20029,,C24901,Chair,3,99.9,258 Main St,Cash,Delivered,TRK14029,8,FREESHIP,Facebook,299.7,2023-05-0
ORD20029,,C61521,Phone,2,345.01,670 Main St,Credit Card,Delivered,TRK93676,6,FREESHIP,Google,690.02,2024-05-1
ORD20029,,C39639,Monitor,1,65.95,185 Main St,Credit Card,Delivered,TRK31042,5,NoCoupon,Facebook,65.95,2025-01-1
ORD20029,,C33220,Tablet,4,463.04,564 Main St,Gift Card,Returned,TRK40450,9,NoCoupon,Instagram,1852.16,2023-02-1
ORD20029,,C65414,Phone,2,297.71,208 Main St,Online,Shipped,TRK67562,7,SAVE10,Referral,595.42,2025-04-0
ORD20029,,C49009,Printer,5,107.48,278 Main St,Debit Card,Cancelled,TRK46285,9,FREESHIP,Email,537.4,2023-01-2
ORD20029,,C48453,Desk,5,638.8,434 Main St,Debit Card,Cancelled,TRK52110,10,WINTER15,Referral,3194.0,2024-06-1
ORD20029,,C68078,Desk,2,493.88,252 Main St,Credit Card,Returned,TRK64862,7,SAVE10,Instagram,987.76,2023-02-2
ORD20029,,C19402,Printer,4,301.17,267 Main St,Online,Cancelled,TRK97825,6,NoCoupon,Email,1204.68,2023-12-1
ORD20029,,C30711,Monitor,1,278.66,856 Main St,Gift Card,Cancelled,TRK42696,2,FREESHIP,Instagram,278.66,2024-01-2
ORD20030,,C39000,Phone,1,287.46,894 Main St,Debit Card,Returned,TRK33753,3,FREESHIP,Facebook,287.46,2024-09-0
ORD20030,,C31105,Chair,1,583.99,726 Main St,Cash,Cancelled,TRK40149,2,SAVE10,Email,583.99,2023-05-1
ORD20030,,C29432,Chair,3,468.74,121 Main St,Cash,Pending,TRK44142,4,FREESHIP,Instagram,1406.22,2023-05-1
ORD20030,,C48531,Tablet,1,30.54,368 Main St,Debit Card,Returned,TRK95462,1,NoCoupon,Google,30.54,2024-12-0
ORD20030,,C86762,Monitor,5,408.73,326 Main St,Gift Card,Delivered,TRK75686,10,FREESHIP,Instagram,2043.65,2024-10-1
ORD20030,,C63822,Laptop,4,126.89,235 Main St,Cash,Pending,TRK59353,9,FREESHIP,Instagram,507.56,2023-11-2
ORD20030,,C70495,Printer,2,57.07,238 Main St,Debit Card,Returned,TRK65511,3,SAVE10,Instagram,114.14,2024-06-0
ORD20030,,C92407,Laptop,3,557.41,135 Main St,Online,Delivered,TRK11755,4,NoCoupon,Email,1672.23,2023-07-0
ORD20030,,C75888,Printer,3,448.9,790 Main St,Debit Card,Returned,TRK98467,7,SAVE10,Instagram,1346.7,2023-12-1
ORD20030,,C63153,Chair,4,549.76,625 Main St,Debit Card,Delivered,TRK38033,4,FREESHIP,Facebook,2199.04,2023-10-0
ORD2003,,C85863,Printer,3,132.48,968 Main St,Online,Shipped,TRK16094,4,NoCoupon,Referral,397.44,2024-02-2
ORD2003,,C71698,Desk,5,489.37,274 Main St,Online,Returned,TRK34786,8,NoCoupon,Instagram,2446.85,2025-05-1
ORD2003,,C35397,Printer,5,66.31,579 Main St,Gift Card,Pending,TRK64742,7,FREESHIP,Referral,331.55,2025-05-2
ORD2003,,C67687,Chair,2,434.3,978 Main St,Cash,Delivered,TRK22838,7,SAVE10,Instagram,868.6,2023-07-0
ORD2003,,C29931,Desk,4,153.09,540 Main St,Online,Delivered,TRK48712,4,FREESHIP,Referral,612.36,2023-10-0
ORD2003,,C59139,Tablet,5,91.67,301 Main St,Online,Cancelled,TRK45507,9,FREESHIP,Email,458.35,2025-05-1
ORD2003,,C66078,Desk,4,275.28,101 Main St,Gift Card,Shipped,TRK86474,9,WINTER15,Facebook,1101.12,2023-10-0
ORD2003,,C88370,Monitor,2,139.95,339 Main St,Online,Returned,TRK22575,5,NoCoupon,Instagram,279.9,2023-04-1
ORD2003,,C93375,Chair,3,148.72,317 Main St,Debit Card,Cancelled,TRK95706,7,SAVE10,Google,446.16,2024-07-2
ORD2003,,C53049,Laptop,2,563.06,413 Main St,Cash,Returned,TRK48974,6,NoCoupon,Instagram,1126.12,2023-12-0
ORD2003,,C55590,Printer,1,625.51,772 Main St,Credit Card,Shipped,TRK48792,1,FREESHIP,Facebook,625.51,2024-12-1
ORD2003,,C47086,Phone,4,152.29,135 Main St,Debit Card,Cancelled,TRK44194,6,WINTER15,Google,609.16,2023-08-0
ORD2003,,C48646,Phone,5,231.82,339 Main St,Debit Card,Delivered,TRK18233,6,SAVE10,Facebook,1159.1,2024-06-1
ORD2003,,C29416,Laptop,1,150.17,414 Main St,Debit Card,Returned,TRK63820,1,SAVE10,Referral,150.17,2025-01-2
ORD2003,,C13525,Tablet,3,70.93,847 Main St,Debit Card,Returned,TRK70193,5,NoCoupon,Referral,212.79,2024-06-1
ORD2003,,C53545,Desk,3,361.39,665 Main St,Credit Card,Shipped,TRK61123,8,NoCoupon,Referral,1084.17,2023-06-2
ORD2003,,C65986,Laptop,5,670.48,273 Main St,Gift Card,Returned,TRK98353,5,SAVE10,Facebook,3352.4,2024-07-0
ORD2003,,C17302,Phone,1,359.99,385 Main St,Gift Card,Cancelled,TRK43940,5,SAVE10,Email,359.99,2023-07-2
ORD2003,,C18404,Tablet,5,674.04,546 Main St,Online,Cancelled,TRK89401,7,SAVE10,Google,3370.2,2023-02-2
ORD2003,,C88371,Chair,4,283.16,306 Main St,Credit Card,Shipped,TRK63224,6,NoCoupon,Google,1132.64,2024-12-2
ORD2003,,C38068,Desk,5,260.53,532 Main St,Gift Card,Pending,TRK54059,5,SAVE10,Instagram,1302.65,2024-06-0
ORD2003,,C78724,Printer,3,422.13,187 Main St,Online,Delivered,TRK25703,7,SAVE10,Facebook,1266.39,2023-04-1
ORD2003,,C26163,Desk,5,125.02,607 Main St,Debit Card,Pending,TRK67499,9,SAVE10,Google,625.1,2024-07-0
ORD2003,,C87124,Phone,1,198.51,818 Main St,Credit Card,Returned,TRK52086,5,WINTER15,Instagram,198.51,2024-04-1
ORD2003,,C90348,Chair,4,224.75,728 Main St,Online,Delivered,TRK20635,7,WINTER15,Facebook,899.0,2024-03-2
ORD2003,,C58721,Tablet,3,205.86,978 Main St,Gift Card,Shipped,TRK34801,4,NoCoupon,Email,617.58,2025-03-0
ORD2003,,C88174,Laptop,1,18.2,441 Main St,Debit Card,Pending,TRK10143,4,SAVE10,Instagram,18.2,2023-12-2
ORD2003,,C77763,Tablet,3,502.77,599 Main St,Debit Card,Returned,TRK66980,8,WINTER15,Email,1508.31,2023-05-2
ORD2003,,C53627,Phone,5,305.49,704 Main St,Debit Card,Shipped,TRK64112,10,NoCoupon,Referral,1527.45,2023-11-0
ORD2003,,C84563,Printer,2,236.33,398 Main St,Online,Pending,TRK62422,3,SAVE10,Instagram,472.66,2024-04-1
ORD20034,,C76207,Laptop,5,521.25,826 Main St,Cash,Cancelled,TRK25569,8,NoCoupon,Email,2606.25,2023-04-2
ORD20034,,C94671,Tablet,1,167.15,293 Main St,Gift Card,Shipped,TRK61357,5,WINTER15,Email,167.15,2024-09-2
ORD20034,,C69994,Monitor,5,466.42,619 Main St,Gift Card,Returned,TRK95935,5,NoCoupon,Referral,2332.1,2025-06-2
ORD20034,,C64638,Printer,1,527.57,919 Main St,Debit Card,Pending,TRK64087,3,FREESHIP,Facebook,527.57,2023-02-2
ORD20034,,C95623,Tablet,3,623.34,248 Main St,Online,Cancelled,TRK67558,3,SAVE10,Instagram,1870.02,2025-03-0
ORD20034,,C24751,Tablet,5,501.26,259 Main St,Gift Card,Shipped,TRK37285,10,FREESHIP,Referral,2506.3,2023-12-0
ORD20034,,C31764,Tablet,1,655.09,876 Main St,Cash,Pending,TRK44680,6,NoCoupon,Referral,655.09,2024-12-0
ORD20034,,C83556,Printer,4,264.79,380 Main St,Credit Card,Pending,TRK21109,5,SAVE10,Google,1059.16,2024-02-0
ORD20034,,C24369,Laptop,3,359.73,885 Main St,Debit Card,Returned,TRK72633,7,FREESHIP,Email,1079.19,2024-03-1
ORD20034,,C39648,Chair,1,465.33,824 Main St,Gift Card,Delivered,TRK56016,2,FREESHIP,Google,465.33,2023-11-3
ORD2003,,C13296,Chair,2,54.41,495 Main St,Online,Shipped,TRK60127,6,NoCoupon,Instagram,108.82,2023-06-0
ORD2003,,C94248,Laptop,1,64.66,494 Main St,Debit Card,Delivered,TRK89406,4,NoCoupon,Instagram,64.66,2025-02-1
ORD2003,,C26637,Chair,5,173.96,995 Main St,Debit Card,Pending,TRK59546,8,WINTER15,Instagram,869.8,2023-08-3
ORD2003,,C16012,Tablet,1,630.82,171 Main St,Online,Delivered,TRK15195,5,FREESHIP,Google,630.82,2025-03-2
ORD2003,,C31772,Phone,1,693.41,992 Main St,Debit Card,Shipped,TRK11970,4,NoCoupon,Instagram,693.41,2023-07-1
ORD2003,,C18353,Tablet,3,433.33,677 Main St,Credit Card,Cancelled,TRK78766,4,FREESHIP,Referral,1299.99,2025-06-0
ORD2003,,C26966,Printer,5,374.58,907 Main St,Gift Card,Cancelled,TRK83889,10,FREESHIP,Instagram,1872.9,2023-05-0
ORD2003,,C74982,Laptop,5,408.56,398 Main St,Debit Card,Delivered,TRK98700,8,FREESHIP,Instagram,2042.8,2023-07-0
ORD2003,,C70633,Tablet,2,183.67,747 Main St,Online,Cancelled,TRK82540,3,SAVE10,Google,367.34,2024-04-0
ORD2003,,C95643,Desk,4,606.57,303 Main St,Debit Card,Delivered,TRK23286,5,WINTER15,Referral,2426.28,2023-06-0
ORD2003,,C53810,Phone,4,589.57,779 Main St,Cash,Pending,TRK34630,8,NoCoupon,Instagram,2358.28,2024-06-0
ORD2003,,C53464,Printer,5,659.85,197 Main St,Credit Card,Delivered,TRK32743,9,SAVE10,Facebook,3299.25,2024-06-2
ORD2003,,C53697,Monitor,4,206.84,312 Main St,Cash,Cancelled,TRK60476,5,WINTER15,Instagram,827.36,2023-06-2
ORD2003,,C31668,Laptop,5,113.87,871 Main St,Credit Card,Pending,TRK42584,6,SAVE10,Email,569.35,2024-05-2
ORD2003,,C85282,Phone,5,628.74,740 Main St,Cash,Cancelled,TRK86767,9,FREESHIP,Facebook,3143.7,2023-11-2
ORD2003,,C56796,Phone,1,678.38,607 Main St,Credit Card,Cancelled,TRK74263,4,SAVE10,Referral,678.38,2025-02-1
ORD2003,,C95213,Printer,3,602.24,603 Main St,Debit Card,Pending,TRK40630,8,NoCoupon,Referral,1806.72,2023-02-1
ORD2003,,C13108,Laptop,5,658.77,712 Main St,Gift Card,Pending,TRK82284,10,FREESHIP,Instagram,3293.85,2024-04-2
ORD2003,,C85322,Monitor,3,271.02,403 Main St,Credit Card,Cancelled,TRK89728,6,NoCoupon,Google,813.06,2023-05-0
ORD2003,,C43545,Monitor,5,375.25,216 Main St,Gift Card,Pending,TRK73937,9,SAVE10,Email,1876.25,2024-12-2
ORD2003,,C80649,Phone,1,312.11,870 Main St,Online,Cancelled,TRK41143,4,WINTER15,Facebook,312.11,2025-05-0
ORD2003,,C59752,Phone,5,307.76,179 Main St,Gift Card,Pending,TRK82229,9,FREESHIP,Google,1538.8,2023-01-0
ORD2003,,C53645,Chair,3,483.53,166 Main St,Cash,Returned,TRK12123,4,NoCoupon,Referral,1450.59,2025-02-1
ORD2003,,C60178,Laptop,3,341.15,969 Main St,Cash,Pending,TRK84505,4,FREESHIP,Instagram,1023.45,2023-01-0
ORD2003,,C20286,Monitor,1,571.9,129 Main St,Gift Card,Pending,TRK67648,1,WINTER15,Instagram,571.9,2024-09-1
ORD2003,,C87547,Monitor,4,95.03,400 Main St,Online,Shipped,TRK71027,8,FREESHIP,Facebook,380.12,2025-01-1
ORD2003,,C64549,Monitor,5,201.22,341 Main St,Debit Card,Pending,TRK20788,6,FREESHIP,Facebook,1006.1,2023-08-2
ORD2003,,C24884,Monitor,1,260.26,625 Main St,Online,Pending,TRK44538,5,WINTER15,Instagram,260.26,2024-07-2
ORD2003,,C62666,Chair,5,64.5,148 Main St,Credit Card,Pending,TRK91029,8,WINTER15,Instagram,322.5,2024-02-0
ORD2003,,C47284,Phone,3,297.67,500 Main St,Online,Shipped,TRK85756,6,NoCoupon,Google,893.01,2024-09-2
ORD20038,,C35355,Printer,4,331.9,127 Main St,Cash,Pending,TRK52935,5,SAVE10,Instagram,1327.6,2024-04-2
ORD20038,,C29467,Chair,1,191.76,223 Main St,Credit Card,Returned,TRK98103,1,FREESHIP,Instagram,191.76,2023-06-0
ORD20038,,C26718,Printer,4,263.09,272 Main St,Debit Card,Shipped,TRK91702,8,SAVE10,Google,1052.36,2025-01-3
ORD20038,,C18944,Chair,4,393.8,837 Main St,Credit Card,Pending,TRK45275,7,SAVE10,Email,1575.2,2023-01-2
ORD20038,,C35628,Chair,3,553.57,147 Main St,Credit Card,Returned,TRK45688,4,FREESHIP,Facebook,1660.71,2024-11-2
ORD20038,,C56851,Chair,5,191.63,752 Main St,Gift Card,Delivered,TRK65290,6,FREESHIP,Facebook,958.15,2023-10-3
ORD20038,,C12421,Tablet,1,93.02,373 Main St,Online,Returned,TRK32588,4,NoCoupon,Email,93.02,2023-04-2
ORD20038,,C25316,Printer,2,39.53,904 Main St,Credit Card,Shipped,TRK55423,3,WINTER15,Google,79.06,2024-06-2
ORD20038,,C22657,Printer,3,633.97,152 Main St,Cash,Pending,TRK49157,7,WINTER15,Facebook,1901.91,2023-12-2
ORD20038,,C29703,Desk,4,697.5,558 Main St,Cash,Shipped,TRK40543,7,FREESHIP,Referral,2790.0,2023-12-1
ORD20039,,C55996,Printer,5,508.69,885 Main St,Cash,Delivered,TRK30547,10,FREESHIP,Google,2543.45,2023-07-1
ORD20039,,C60037,Laptop,2,527.46,516 Main St,Debit Card,Cancelled,TRK82009,3,FREESHIP,Referral,1054.92,2025-01-1
ORD20039,,C95100,Phone,1,627.2,197 Main St,Online,Delivered,TRK47366,1,WINTER15,Email,627.2,2024-02-2
ORD20039,,C39906,Printer,1,75.01,921 Main St,Credit Card,Returned,TRK24632,3,NoCoupon,Google,75.01,2024-07-1
ORD20039,,C70148,Desk,5,529.55,359 Main St,Gift Card,Shipped,TRK34848,10,NoCoupon,Facebook,2647.75,2023-07-0
ORD20039,,C30010,Phone,3,127.41,830 Main St,Gift Card,Delivered,TRK35386,7,SAVE10,Referral,382.23,2025-04-2
ORD20039,,C99217,Tablet,5,287.13,778 Main St,Online,Shipped,TRK82004,10,SAVE10,Email,1435.65,2023-12-0
ORD20039,,C30184,Monitor,1,427.06,987 Main St,Online,Cancelled,TRK86674,1,WINTER15,Referral,427.06,2023-09-2
ORD20039,,C50275,Phone,5,53.93,729 Main St,Gift Card,Shipped,TRK98925,7,SAVE10,Instagram,269.65,2024-09-0
ORD20039,,C64641,Tablet,5,423.93,319 Main St,Debit Card,Returned,TRK32012,5,FREESHIP,Facebook,2119.65,2024-01-0
ORD20040,,C56266,Desk,4,160.22,304 Main St,Debit Card,Returned,TRK60088,9,WINTER15,Instagram,640.88,2024-09-2
ORD20040,,C98635,Printer,1,538.68,197 Main St,Debit Card,Returned,TRK14225,6,NoCoupon,Referral,538.68,2025-04-0
ORD20040,,C83026,Printer,5,337.38,858 Main St,Gift Card,Shipped,TRK79746,5,NoCoupon,Referral,1686.9,2023-04-0
ORD20040,,C28893,Tablet,1,620.21,740 Main St,Online,Returned,TRK98333,1,FREESHIP,Referral,620.21,2024-11-1
ORD20040,,C45482,Monitor,2,99.1,440 Main St,Cash,Delivered,TRK54571,6,NoCoupon,Instagram,198.2,2023-03-0
ORD20040,,C97774,Monitor,4,451.97,603 Main St,Online,Cancelled,TRK64664,7,WINTER15,Email,1807.88,2025-01-2
ORD20040,,C11657,Tablet,4,66.1,572 Main St,Cash,Returned,TRK50284,9,WINTER15,Google,264.4,2023-12-1
ORD20040,,C85993,Tablet,4,547.32,250 Main St,Cash,Returned,TRK72547,8,FREESHIP,Instagram,2189.28,2023-08-1
ORD20040,,C11906,Printer,3,412.53,536 Main St,Online,Pending,TRK31140,6,WINTER15,Google,1237.59,2025-01-0
ORD20040,,C45187,Desk,5,84.13,767 Main St,Online,Delivered,TRK12320,9,SAVE10,Google,420.65,2023-06-2
ORD2004,,C37375,Tablet,2,518.23,184 Main St,Debit Card,Shipped,TRK52470,5,NoCoupon,Email,1036.46,2024-01-1
ORD2004,,C66567,Desk,2,39.51,981 Main St,Online,Shipped,TRK21174,5,NoCoupon,Facebook,79.02,2024-06-1
ORD2004,,C42451,Tablet,5,133.01,246 Main St,Credit Card,Returned,TRK31313,10,NoCoupon,Facebook,665.05,2025-04-1
ORD2004,,C13923,Tablet,1,118.8,123 Main St,Online,Delivered,TRK87598,6,SAVE10,Email,118.8,2023-10-0
ORD2004,,C11829,Desk,2,139.57,797 Main St,Cash,Delivered,TRK84229,4,WINTER15,Facebook,279.14,2025-05-0
ORD2004,,C62169,Chair,1,184.15,655 Main St,Gift Card,Shipped,TRK64558,5,FREESHIP,Facebook,184.15,2025-04-0
ORD2004,,C20881,Laptop,2,644.05,652 Main St,Gift Card,Cancelled,TRK26263,5,WINTER15,Referral,1288.1,2023-07-1
ORD2004,,C44492,Laptop,5,55.41,954 Main St,Online,Cancelled,TRK51429,5,NoCoupon,Google,277.05,2023-10-2
ORD2004,,C74169,Printer,1,310.93,862 Main St,Online,Cancelled,TRK66144,3,NoCoupon,Facebook,310.93,2023-01-1
ORD2004,,C70999,Tablet,2,216.66,885 Main St,Debit Card,Pending,TRK75644,6,FREESHIP,Instagram,433.32,2024-04-1
ORD2004,,C11921,Phone,1,452.7,439 Main St,Debit Card,Shipped,TRK91362,5,FREESHIP,Instagram,452.7,2024-11-2
ORD2004,,C50683,Chair,2,288.21,769 Main St,Debit Card,Cancelled,TRK53032,5,NoCoupon,Email,576.42,2023-10-1
ORD2004,,C76140,Phone,4,206.6,914 Main St,Gift Card,Returned,TRK25861,6,WINTER15,Referral,826.4,2023-06-0
ORD2004,,C94311,Printer,4,685.2,195 Main St,Gift Card,Cancelled,TRK97308,6,WINTER15,Google,2740.8,2024-07-2
ORD2004,,C49491,Chair,5,22.94,339 Main St,Cash,Pending,TRK64012,10,NoCoupon,Email,114.7,2023-04-1
ORD2004,,C40648,Laptop,2,301.88,488 Main St,Gift Card,Returned,TRK25325,5,WINTER15,Email,603.76,2023-03-0
ORD2004,,C40967,Monitor,5,57.45,315 Main St,Cash,Cancelled,TRK24839,10,NoCoupon,Facebook,287.25,2025-03-1
ORD2004,,C25406,Desk,1,161.24,379 Main St,Credit Card,Pending,TRK70952,3,WINTER15,Instagram,161.24,2024-12-1
ORD2004,,C77085,Chair,4,262.58,895 Main St,Online,Cancelled,TRK57227,8,WINTER15,Email,1050.32,2024-11-2
ORD2004,,C38126,Printer,4,515.19,522 Main St,Credit Card,Pending,TRK90838,9,SAVE10,Facebook,2060.76,2024-12-1
ORD2004,,C87448,Phone,1,450.07,433 Main St,Gift Card,Shipped,TRK44134,6,FREESHIP,Google,450.07,2023-06-0
ORD2004,,C62312,Printer,1,52.54,651 Main St,Debit Card,Cancelled,TRK59623,6,WINTER15,Facebook,52.54,2024-10-0
ORD2004,,C58443,Tablet,2,424.32,662 Main St,Credit Card,Returned,TRK77163,6,NoCoupon,Referral,848.64,2023-09-0
ORD2004,,C36613,Monitor,3,631.64,785 Main St,Credit Card,Returned,TRK13282,3,FREESHIP,Facebook,1894.92,2023-08-2
ORD2004,,C73893,Printer,5,327.68,384 Main St,Credit Card,Returned,TRK85939,6,NoCoupon,Facebook,1638.4,2023-10-2
ORD2004,,C48601,Printer,1,414.47,101 Main St,Debit Card,Returned,TRK97868,3,FREESHIP,Instagram,414.47,2023-05-2
ORD2004,,C14568,Laptop,4,221.33,651 Main St,Online,Pending,TRK73545,5,NoCoupon,Google,885.32,2023-02-1
ORD2004,,C63378,Phone,1,512.39,955 Main St,Online,Delivered,TRK20863,2,FREESHIP,Instagram,512.39,2024-04-1
ORD2004,,C77800,Tablet,3,459.34,436 Main St,Gift Card,Pending,TRK27439,3,SAVE10,Instagram,1378.02,2025-01-0
ORD2004,,C91155,Tablet,1,146.32,321 Main St,Online,Shipped,TRK36260,4,WINTER15,Facebook,146.32,2024-09-0
ORD20044,,C60215,Desk,4,83.6,978 Main St,Debit Card,Pending,TRK31727,4,SAVE10,Facebook,334.4,2024-11-0
ORD20044,,C52915,Printer,2,328.54,475 Main St,Gift Card,Returned,TRK79466,6,FREESHIP,Email,657.08,2023-12-1
ORD20044,,C72588,Chair,5,314.94,661 Main St,Cash,Pending,TRK43410,8,SAVE10,Instagram,1574.7,2024-05-0
ORD20044,,C61668,Chair,2,69.64,813 Main St,Cash,Returned,TRK58970,6,NoCoupon,Facebook,139.28,2024-05-1
ORD20044,,C79508,Printer,1,135.17,585 Main St,Online,Shipped,TRK61882,6,FREESHIP,Instagram,135.17,2024-06-0
ORD20044,,C94569,Phone,1,487.21,227 Main St,Cash,Delivered,TRK31351,3,SAVE10,Referral,487.21,2024-03-2
ORD20044,,C89592,Laptop,5,509.58,262 Main St,Online,Delivered,TRK49442,6,FREESHIP,Instagram,2547.9,2023-10-1
ORD20044,,C48207,Printer,2,416.81,356 Main St,Cash,Returned,TRK45355,2,NoCoupon,Facebook,833.62,2024-04-0
ORD20044,,C16776,Laptop,2,160.0,854 Main St,Cash,Pending,TRK12860,4,SAVE10,Instagram,320.0,2023-09-0
ORD20044,,C91518,Tablet,3,253.05,286 Main St,Online,Pending,TRK48688,3,NoCoupon,Instagram,759.15,2024-08-2
ORD2004,,C36408,Monitor,5,615.1,160 Main St,Gift Card,Returned,TRK94023,10,WINTER15,Instagram,3075.5,2024-01-1
ORD2004,,C14837,Monitor,1,183.18,647 Main St,Debit Card,Cancelled,TRK17501,6,SAVE10,Email,183.18,2023-04-0
ORD2004,,C36467,Printer,1,75.78,581 Main St,Cash,Pending,TRK20863,5,SAVE10,Google,75.78,2023-07-2
ORD2004,,C15017,Tablet,1,675.57,492 Main St,Cash,Shipped,TRK51241,1,WINTER15,Facebook,675.57,2025-05-0
ORD2004,,C54759,Laptop,1,109.29,686 Main St,Debit Card,Cancelled,TRK75583,5,FREESHIP,Google,109.29,2024-11-2
ORD2004,,C58341,Phone,1,639.83,874 Main St,Debit Card,Pending,TRK32856,2,SAVE10,Referral,639.83,2024-03-2
ORD2004,,C94479,Desk,5,62.81,259 Main St,Credit Card,Shipped,TRK69089,9,SAVE10,Facebook,314.05,2023-06-2
ORD2004,,C50236,Desk,4,615.83,545 Main St,Online,Returned,TRK67692,4,WINTER15,Instagram,2463.32,2025-05-2
ORD2004,,C31412,Monitor,4,510.58,196 Main St,Credit Card,Returned,TRK61946,7,WINTER15,Email,2042.32,2024-07-0
ORD2004,,C90142,Desk,1,334.39,433 Main St,Credit Card,Returned,TRK39717,2,NoCoupon,Instagram,334.39,2024-07-2
ORD2004,,C83548,Laptop,1,144.25,474 Main St,Cash,Returned,TRK93822,2,WINTER15,Referral,144.25,2024-10-0
ORD2004,,C29697,Tablet,1,401.82,407 Main St,Credit Card,Shipped,TRK47776,5,FREESHIP,Google,401.82,2024-06-0
ORD2004,,C22991,Phone,1,252.68,731 Main St,Online,Cancelled,TRK32796,1,NoCoupon,Referral,252.68,2025-03-3
ORD2004,,C25276,Laptop,5,662.78,214 Main St,Debit Card,Shipped,TRK14011,9,SAVE10,Instagram,3313.9,2023-05-2
ORD2004,,C39176,Tablet,4,434.42,739 Main St,Online,Cancelled,TRK71418,6,FREESHIP,Google,1737.68,2023-03-1
ORD2004,,C58773,Printer,5,513.49,391 Main St,Gift Card,Cancelled,TRK65438,8,NoCoupon,Google,2567.45,2024-02-2
ORD2004,,C37412,Phone,1,432.47,895 Main St,Cash,Delivered,TRK97829,4,FREESHIP,Referral,432.47,2023-07-1
ORD2004,,C36492,Desk,1,45.94,572 Main St,Cash,Cancelled,TRK44350,2,WINTER15,Email,45.94,2024-08-3
ORD2004,,C90110,Phone,1,418.36,998 Main St,Credit Card,Delivered,TRK60203,5,FREESHIP,Email,418.36,2025-06-2
ORD2004,,C13877,Chair,5,676.98,893 Main St,Cash,Cancelled,TRK17254,5,NoCoupon,Facebook,3384.9,2023-11-2
ORD2004,,C25149,Tablet,4,263.62,672 Main St,Cash,Shipped,TRK33538,5,SAVE10,Email,1054.48,2023-09-2
ORD2004,,C52717,Desk,5,551.27,395 Main St,Online,Cancelled,TRK27625,7,FREESHIP,Referral,2756.35,2025-04-1
ORD2004,,C60029,Chair,3,508.12,796 Main St,Credit Card,Cancelled,TRK86461,8,FREESHIP,Referral,1524.36,2023-01-0
ORD2004,,C28552,Chair,2,14.93,449 Main St,Online,Shipped,TRK71597,4,NoCoupon,Facebook,29.86,2025-02-2
ORD2004,,C72293,Printer,3,229.34,398 Main St,Credit Card,Shipped,TRK84378,6,SAVE10,Referral,688.02,2023-11-1
ORD2004,,C29844,Tablet,2,438.62,363 Main St,Cash,Cancelled,TRK91642,3,SAVE10,Facebook,877.24,2025-04-1
ORD2004,,C77872,Phone,2,513.59,867 Main St,Online,Returned,TRK19292,4,FREESHIP,Referral,1027.18,2024-01-1
ORD2004,,C56564,Phone,2,253.74,481 Main St,Online,Shipped,TRK13166,5,SAVE10,Google,507.48,2025-03-0
ORD2004,,C16758,Tablet,3,62.77,914 Main St,Gift Card,Shipped,TRK88544,6,FREESHIP,Referral,188.31,2024-11-0
ORD2004,,C87011,Monitor,4,25.29,943 Main St,Credit Card,Pending,TRK21429,8,NoCoupon,Google,101.16,2023-02-1
ORD20048,,C21147,Chair,1,335.1,126 Main St,Debit Card,Pending,TRK93171,6,FREESHIP,Referral,335.1,2023-06-1
ORD20048,,C94568,Laptop,4,484.85,317 Main St,Debit Card,Delivered,TRK58653,5,WINTER15,Referral,1939.4,2023-04-2
ORD20048,,C35852,Monitor,3,381.41,989 Main St,Online,Pending,TRK22302,6,NoCoupon,Instagram,1144.23,2025-03-0
ORD20048,,C66462,Phone,5,347.92,982 Main St,Cash,Pending,TRK52743,6,WINTER15,Google,1739.6,2023-01-1
ORD20048,,C29092,Chair,4,15.01,767 Main St,Cash,Cancelled,TRK90455,6,NoCoupon,Facebook,60.04,2024-05-2
ORD20048,,C46651,Chair,3,404.79,764 Main St,Cash,Shipped,TRK67679,6,SAVE10,Instagram,1214.37,2023-08-0
ORD20048,,C88981,Printer,4,611.26,558 Main St,Cash,Shipped,TRK75267,5,SAVE10,Referral,2445.04,2023-02-0
ORD20048,,C40136,Printer,3,346.52,211 Main St,Credit Card,Pending,TRK92924,3,SAVE10,Google,1039.56,2023-03-0
ORD20048,,C81573,Chair,1,36.65,556 Main St,Online,Cancelled,TRK96522,1,WINTER15,Email,36.65,2024-12-0
ORD20048,,C11940,Tablet,3,149.34,589 Main St,Gift Card,Cancelled,TRK85466,7,WINTER15,Email,448.02,2023-09-0
ORD20049,,C50097,Chair,5,467.81,539 Main St,Online,Cancelled,TRK62785,10,NoCoupon,Facebook,2339.05,2024-07-2
ORD20049,,C98168,Phone,5,420.7,481 Main St,Cash,Pending,TRK56423,5,WINTER15,Facebook,2103.5,2023-01-0
ORD20049,,C39074,Laptop,5,606.52,103 Main St,Debit Card,Shipped,TRK13027,6,SAVE10,Instagram,3032.6,2023-10-2
ORD20049,,C84908,Phone,1,420.26,372 Main St,Credit Card,Pending,TRK64135,4,FREESHIP,Facebook,420.26,2025-01-2
ORD20049,,C64516,Laptop,3,505.79,459 Main St,Debit Card,Pending,TRK63920,3,FREESHIP,Referral,1517.37,2023-07-1
ORD20049,,C63827,Phone,4,493.73,947 Main St,Debit Card,Pending,TRK35730,6,SAVE10,Facebook,1974.92,2025-06-0
ORD20049,,C93618,Printer,3,201.21,249 Main St,Online,Cancelled,TRK66129,3,SAVE10,Google,603.63,2025-03-1
ORD20049,,C93948,Printer,3,112.29,454 Main St,Gift Card,Shipped,TRK77358,6,NoCoupon,Google,336.87,2024-10-2
ORD20049,,C73961,Tablet,4,132.56,306 Main St,Cash,Returned,TRK32607,8,WINTER15,Instagram,530.24,2023-07-1
ORD20049,,C18138,Printer,3,539.46,520 Main St,Credit Card,Shipped,TRK20289,4,SAVE10,Facebook,1618.38,2023-04-0
ORD20050,,C79475,Laptop,5,508.59,169 Main St,Cash,Returned,TRK42168,8,WINTER15,Facebook,2542.95,2024-04-0
ORD20050,,C88546,Desk,4,203.46,226 Main St,Credit Card,Pending,TRK19867,7,SAVE10,Referral,813.84,2024-02-0
ORD20050,,C69332,Monitor,3,565.25,745 Main St,Debit Card,Returned,TRK65718,7,SAVE10,Email,1695.75,2023-05-2
ORD20050,,C64554,Tablet,3,136.84,498 Main St,Online,Pending,TRK95384,4,FREESHIP,Facebook,410.52,2023-08-3
ORD20050,,C11676,Monitor,2,464.5,805 Main St,Online,Cancelled,TRK35726,2,WINTER15,Instagram,929.0,2025-06-1
ORD20050,,C36014,Printer,2,434.97,558 Main St,Online,Shipped,TRK97246,7,NoCoupon,Email,869.94,2023-06-1
ORD20050,,C23279,Monitor,2,43.67,696 Main St,Cash,Returned,TRK58039,4,WINTER15,Instagram,87.34,2023-07-2
ORD20050,,C86481,Phone,1,171.59,546 Main St,Credit Card,Pending,TRK87513,5,WINTER15,Email,171.59,2023-07-0
ORD20050,,C39550,Phone,1,558.27,976 Main St,Online,Delivered,TRK24120,1,NoCoupon,Referral,558.27,2025-05-1
ORD20050,,C68937,Laptop,2,425.03,560 Main St,Cash,Returned,TRK31908,2,WINTER15,Google,850.06,2023-02-1
ORD2005,,C72533,Printer,1,376.76,389 Main St,Debit Card,Delivered,TRK51288,5,SAVE10,Email,376.76,2024-12-1
ORD2005,,C11415,Monitor,5,575.24,267 Main St,Cash,Delivered,TRK65061,7,WINTER15,Email,2876.2,2024-03-1
ORD2005,,C14114,Desk,3,568.02,856 Main St,Online,Pending,TRK63290,3,FREESHIP,Instagram,1704.06,2024-09-2
ORD2005,,C64128,Tablet,3,94.88,533 Main St,Gift Card,Shipped,TRK37053,8,NoCoupon,Referral,284.64,2025-02-0
ORD2005,,C15629,Printer,3,304.15,492 Main St,Gift Card,Shipped,TRK64926,3,WINTER15,Instagram,912.45,2023-04-1
ORD2005,,C67561,Phone,3,553.52,160 Main St,Gift Card,Shipped,TRK75900,4,FREESHIP,Facebook,1660.56,2023-03-1
ORD2005,,C47022,Monitor,3,166.99,208 Main St,Cash,Returned,TRK28855,8,NoCoupon,Facebook,500.97,2024-04-0
ORD2005,,C55205,Tablet,4,198.35,943 Main St,Cash,Cancelled,TRK88141,7,FREESHIP,Google,793.4,2024-04-0
ORD2005,,C30686,Printer,4,403.58,319 Main St,Online,Pending,TRK59807,9,SAVE10,Referral,1614.32,2025-06-1
ORD2005,,C71797,Laptop,4,464.29,941 Main St,Debit Card,Returned,TRK66010,5,SAVE10,Email,1857.16,2025-05-1
ORD2005,,C66332,Monitor,3,635.98,959 Main St,Cash,Returned,TRK27063,5,NoCoupon,Referral,1907.94,2023-03-1
ORD2005,,C82318,Phone,1,528.06,991 Main St,Credit Card,Shipped,TRK37534,2,NoCoupon,Facebook,528.06,2024-02-2
ORD2005,,C66254,Chair,1,515.32,740 Main St,Gift Card,Cancelled,TRK82843,1,FREESHIP,Email,515.32,2024-04-2
ORD2005,,C65083,Desk,4,657.79,652 Main St,Credit Card,Returned,TRK60937,6,WINTER15,Google,2631.16,2025-02-1
ORD2005,,C44778,Phone,1,153.0,103 Main St,Credit Card,Returned,TRK92617,4,NoCoupon,Referral,153.0,2023-10-2
ORD2005,,C54499,Monitor,1,668.48,160 Main St,Debit Card,Shipped,TRK18061,1,SAVE10,Email,668.48,2023-12-0
ORD2005,,C91201,Desk,2,46.5,837 Main St,Cash,Returned,TRK63526,7,WINTER15,Google,93.0,2024-02-2
ORD2005,,C27202,Chair,5,653.47,967 Main St,Credit Card,Cancelled,TRK75406,10,SAVE10,Referral,3267.35,2024-08-1
ORD2005,,C32011,Chair,1,628.89,686 Main St,Credit Card,Returned,TRK70997,2,SAVE10,Referral,628.89,2025-02-2
ORD2005,,C21181,Tablet,2,675.1,938 Main St,Cash,Pending,TRK50363,4,FREESHIP,Google,1350.2,2024-04-0
ORD2005,,C98450,Chair,4,89.41,613 Main St,Online,Pending,TRK14809,9,NoCoupon,Google,357.64,2024-07-1
ORD2005,,C64502,Desk,5,320.01,722 Main St,Gift Card,Delivered,TRK14914,6,NoCoupon,Referral,1600.05,2024-07-0
ORD2005,,C47365,Laptop,2,41.0,369 Main St,Online,Delivered,TRK42207,7,NoCoupon,Email,82.0,2025-05-0
ORD2005,,C66349,Desk,1,565.85,715 Main St,Gift Card,Returned,TRK63550,1,FREESHIP,Facebook,565.85,2023-03-0
ORD2005,,C73289,Chair,3,648.59,906 Main St,Debit Card,Cancelled,TRK70872,4,SAVE10,Email,1945.77,2024-06-0
ORD2005,,C48649,Monitor,3,68.12,332 Main St,Online,Cancelled,TRK45821,3,FREESHIP,Email,204.36,2024-07-2
ORD2005,,C18724,Chair,1,616.1,124 Main St,Cash,Returned,TRK52508,6,NoCoupon,Email,616.1,2024-06-0
ORD2005,,C68553,Tablet,3,247.47,385 Main St,Online,Delivered,TRK58218,4,SAVE10,Facebook,742.41,2025-03-2
ORD2005,,C61280,Phone,3,490.74,100 Main St,Cash,Shipped,TRK95487,3,WINTER15,Email,1472.22,2024-05-2
ORD2005,,C53277,Desk,3,531.72,473 Main St,Gift Card,Delivered,TRK17653,7,SAVE10,Google,1595.16,2025-02-1
ORD20054,,C87281,Laptop,5,648.65,852 Main St,Online,Pending,TRK81765,7,NoCoupon,Referral,3243.25,2024-01-2
ORD20054,,C69009,Printer,5,456.06,879 Main St,Cash,Pending,TRK61295,10,NoCoupon,Instagram,2280.3,2023-08-0
ORD20054,,C49726,Tablet,1,17.98,934 Main St,Cash,Cancelled,TRK20739,6,FREESHIP,Email,17.98,2023-11-1
ORD20054,,C37531,Desk,5,269.86,354 Main St,Cash,Shipped,TRK93877,6,WINTER15,Facebook,1349.3,2024-03-0
ORD20054,,C48713,Printer,5,31.96,373 Main St,Credit Card,Returned,TRK96334,5,FREESHIP,Referral,159.8,2024-03-1
ORD20054,,C74138,Monitor,2,98.47,964 Main St,Cash,Returned,TRK74091,3,NoCoupon,Instagram,196.94,2023-12-1
ORD20054,,C82399,Monitor,1,158.68,928 Main St,Credit Card,Returned,TRK77177,6,WINTER15,Instagram,158.68,2024-03-0
ORD20054,,C40427,Phone,1,613.98,411 Main St,Online,Delivered,TRK25392,4,FREESHIP,Facebook,613.98,2023-08-2
ORD20054,,C17103,Printer,3,426.12,922 Main St,Online,Delivered,TRK64398,5,WINTER15,Instagram,1278.36,2024-01-0
ORD20054,,C34266,Monitor,4,629.88,550 Main St,Debit Card,Cancelled,TRK56378,8,WINTER15,Instagram,2519.52,2025-02-2
ORD2005,,C97485,Laptop,4,228.91,573 Main St,Cash,Shipped,TRK81794,4,FREESHIP,Google,915.64,2023-10-2
ORD2005,,C23947,Laptop,1,120.98,353 Main St,Debit Card,Delivered,TRK74812,6,WINTER15,Email,120.98,2023-05-1
ORD2005,,C21665,Chair,4,425.18,560 Main St,Online,Returned,TRK29890,8,WINTER15,Facebook,1700.72,2023-09-3
ORD2005,,C82550,Phone,2,333.83,828 Main St,Gift Card,Cancelled,TRK74103,4,FREESHIP,Referral,667.66,2023-08-2
ORD2005,,C61943,Laptop,2,492.9,610 Main St,Cash,Returned,TRK66126,5,FREESHIP,Instagram,985.8,2025-05-3
ORD2005,,C88933,Tablet,1,92.04,333 Main St,Cash,Shipped,TRK89306,2,NoCoupon,Facebook,92.04,2023-01-0
ORD2005,,C30923,Laptop,1,654.27,932 Main St,Gift Card,Pending,TRK82609,2,SAVE10,Facebook,654.27,2023-01-2
ORD2005,,C56969,Tablet,1,56.2,130 Main St,Debit Card,Pending,TRK40719,1,WINTER15,Facebook,56.2,2023-06-2
ORD2005,,C76766,Phone,4,628.12,485 Main St,Online,Delivered,TRK32052,6,WINTER15,Instagram,2512.48,2024-07-1
ORD2005,,C22981,Desk,3,157.4,454 Main St,Debit Card,Cancelled,TRK10115,7,WINTER15,Email,472.2,2024-04-1
ORD2005,,C33634,Monitor,4,588.85,524 Main St,Gift Card,Pending,TRK93168,7,NoCoupon,Email,2355.4,2023-01-3
ORD2005,,C96822,Printer,2,494.78,198 Main St,Online,Shipped,TRK89180,2,NoCoupon,Google,989.56,2023-01-3
ORD2005,,C76675,Laptop,3,663.93,922 Main St,Gift Card,Returned,TRK28043,6,FREESHIP,Email,1991.79,2023-10-0
ORD2005,,C12039,Laptop,1,132.68,844 Main St,Debit Card,Returned,TRK68645,1,SAVE10,Referral,132.68,2023-12-1
ORD2005,,C93309,Desk,5,364.28,734 Main St,Credit Card,Cancelled,TRK99446,5,WINTER15,Google,1821.4,2025-04-0
ORD2005,,C62042,Tablet,5,307.98,214 Main St,Online,Pending,TRK42605,10,NoCoupon,Facebook,1539.9,2023-05-1
ORD2005,,C83223,Phone,4,162.71,167 Main St,Cash,Cancelled,TRK54339,7,FREESHIP,Email,650.84,2024-04-1
ORD2005,,C92575,Chair,5,492.94,153 Main St,Cash,Shipped,TRK53579,10,FREESHIP,Email,2464.7,2024-09-3
ORD2005,,C29072,Laptop,2,343.99,312 Main St,Online,Delivered,TRK72334,4,NoCoupon,Google,687.98,2023-03-1
ORD2005,,C25783,Desk,5,250.68,672 Main St,Cash,Shipped,TRK13289,8,SAVE10,Instagram,1253.4,2025-03-2
ORD2005,,C63727,Desk,2,362.14,122 Main St,Debit Card,Pending,TRK13611,2,SAVE10,Instagram,724.28,2024-12-2
ORD2005,,C42365,Tablet,1,214.08,867 Main St,Gift Card,Returned,TRK39563,2,WINTER15,Google,214.08,2024-11-2
ORD2005,,C27438,Printer,1,70.32,341 Main St,Cash,Returned,TRK69125,4,WINTER15,Facebook,70.32,2023-11-1
ORD2005,,C13205,Chair,5,421.42,522 Main St,Debit Card,Cancelled,TRK30686,7,NoCoupon,Instagram,2107.1,2023-01-2
ORD2005,,C29685,Chair,5,384.69,275 Main St,Credit Card,Pending,TRK97733,6,FREESHIP,Email,1923.45,2024-01-2
ORD2005,,C74005,Chair,5,448.15,528 Main St,Gift Card,Returned,TRK61640,7,SAVE10,Google,2240.75,2023-06-0
ORD2005,,C14457,Laptop,5,79.08,747 Main St,Cash,Pending,TRK42517,8,NoCoupon,Facebook,395.4,2024-05-2
ORD2005,,C77046,Tablet,4,185.41,967 Main St,Online,Returned,TRK44401,9,WINTER15,Google,741.64,2023-01-2
ORD2005,,C50415,Monitor,5,566.07,587 Main St,Credit Card,Delivered,TRK41345,6,SAVE10,Instagram,2830.35,2024-10-1
ORD2005,,C73999,Tablet,2,187.88,413 Main St,Online,Shipped,TRK67919,4,WINTER15,Facebook,375.76,2023-06-0
ORD20058,,C71076,Monitor,2,255.99,340 Main St,Credit Card,Delivered,TRK65148,4,SAVE10,Instagram,511.98,2023-11-1
ORD20058,,C44674,Laptop,1,627.34,942 Main St,Online,Delivered,TRK87158,1,NoCoupon,Referral,627.34,2024-11-1
ORD20058,,C15228,Tablet,3,474.14,558 Main St,Gift Card,Shipped,TRK33860,8,WINTER15,Google,1422.42,2024-02-1
ORD20058,,C27072,Chair,3,154.37,996 Main St,Gift Card,Delivered,TRK29750,4,NoCoupon,Instagram,463.11,2025-06-1
ORD20058,,C15257,Chair,4,145.05,626 Main St,Online,Delivered,TRK28779,6,SAVE10,Google,580.2,2025-03-2
ORD20058,,C91486,Tablet,4,67.08,907 Main St,Cash,Returned,TRK79617,8,WINTER15,Google,268.32,2023-08-2
ORD20058,,C17389,Monitor,1,522.08,905 Main St,Gift Card,Returned,TRK98857,5,FREESHIP,Referral,522.08,2024-11-1
ORD20058,,C18820,Monitor,5,514.6,347 Main St,Gift Card,Delivered,TRK91547,10,FREESHIP,Instagram,2573.0,2023-06-1
ORD20058,,C61849,Monitor,4,577.82,811 Main St,Credit Card,Delivered,TRK47613,9,NoCoupon,Google,2311.28,2024-12-1
ORD20058,,C84041,Laptop,2,500.8,900 Main St,Cash,Delivered,TRK84920,3,FREESHIP,Referral,1001.6,2025-02-1
ORD20059,,C55757,Printer,2,461.13,175 Main St,Gift Card,Returned,TRK27356,4,NoCoupon,Email,922.26,2023-09-1
ORD20059,,C18187,Laptop,1,605.28,470 Main St,Gift Card,Shipped,TRK50528,3,FREESHIP,Referral,605.28,2024-11-1
ORD20059,,C42306,Phone,3,204.27,938 Main St,Online,Returned,TRK15499,4,NoCoupon,Google,612.81,2024-04-2
ORD20059,,C51024,Monitor,1,489.8,636 Main St,Gift Card,Shipped,TRK31375,4,FREESHIP,Facebook,489.8,2023-08-0
ORD20059,,C40140,Phone,5,72.64,598 Main St,Credit Card,Cancelled,TRK12671,7,NoCoupon,Email,363.2,2024-02-2
ORD20059,,C72596,Printer,2,385.16,491 Main St,Online,Pending,TRK83870,7,SAVE10,Email,770.32,2025-01-1
ORD20059,,C91805,Desk,3,606.41,653 Main St,Debit Card,Returned,TRK34504,7,FREESHIP,Facebook,1819.23,2023-06-1
ORD20059,,C40538,Desk,2,211.82,700 Main St,Gift Card,Cancelled,TRK29821,4,WINTER15,Email,423.64,2024-11-2
ORD20059,,C60329,Desk,5,495.35,826 Main St,Credit Card,Pending,TRK59069,5,NoCoupon,Facebook,2476.75,2024-04-2
ORD20059,,C28740,Chair,3,556.99,123 Main St,Online,Cancelled,TRK33642,4,FREESHIP,Facebook,1670.97,2023-06-3
ORD20060,,C87051,Printer,1,72.31,460 Main St,Gift Card,Cancelled,TRK82056,1,FREESHIP,Facebook,72.31,2023-05-2
ORD20060,,C12479,Monitor,5,24.82,529 Main St,Credit Card,Shipped,TRK73935,10,NoCoupon,Referral,124.1,2023-10-0
ORD20060,,C35852,Tablet,4,26.04,982 Main St,Online,Pending,TRK64660,5,SAVE10,Instagram,104.16,2024-03-0
ORD20060,,C26223,Tablet,1,657.07,800 Main St,Cash,Pending,TRK50900,4,SAVE10,Google,657.07,2024-10-0
ORD20060,,C99214,Chair,3,32.62,252 Main St,Debit Card,Delivered,TRK81368,6,NoCoupon,Facebook,97.86,2025-06-2
ORD20060,,C49605,Monitor,2,228.91,892 Main St,Debit Card,Shipped,TRK95620,4,SAVE10,Referral,457.82,2024-05-1
ORD20060,,C85018,Laptop,3,274.75,783 Main St,Cash,Cancelled,TRK54128,3,SAVE10,Google,824.25,2024-11-0
ORD20060,,C96434,Printer,4,634.05,282 Main St,Cash,Shipped,TRK56730,6,SAVE10,Google,2536.2,2025-05-3
ORD20060,,C32956,Laptop,5,543.16,788 Main St,Online,Cancelled,TRK73140,6,SAVE10,Instagram,2715.8,2024-07-2
ORD20060,,C41137,Chair,3,449.13,809 Main St,Cash,Returned,TRK52732,5,WINTER15,Referral,1347.39,2025-01-2
ORD2006,,C60361,Desk,5,389.62,623 Main St,Cash,Returned,TRK83566,7,FREESHIP,Facebook,1948.1,2024-06-1
ORD2006,,C36688,Desk,1,305.17,700 Main St,Gift Card,Returned,TRK35720,3,WINTER15,Referral,305.17,2023-04-2
ORD2006,,C51811,Chair,3,445.12,339 Main St,Gift Card,Cancelled,TRK82377,8,NoCoupon,Google,1335.36,2023-06-0
ORD2006,,C62405,Laptop,2,230.36,154 Main St,Online,Returned,TRK14721,4,WINTER15,Email,460.72,2024-12-1
ORD2006,,C77363,Phone,1,96.81,807 Main St,Gift Card,Cancelled,TRK12439,3,NoCoupon,Referral,96.81,2024-03-0
ORD2006,,C97218,Monitor,5,460.14,252 Main St,Credit Card,Returned,TRK52632,10,WINTER15,Facebook,2300.7,2025-03-0
ORD2006,,C43919,Tablet,3,601.6,984 Main St,Credit Card,Cancelled,TRK73113,7,SAVE10,Facebook,1804.8,2024-10-1
ORD2006,,C57093,Tablet,3,184.47,834 Main St,Online,Cancelled,TRK75469,4,NoCoupon,Referral,553.41,2024-02-0
ORD2006,,C50565,Tablet,1,411.34,399 Main St,Debit Card,Returned,TRK97981,5,NoCoupon,Instagram,411.34,2024-09-0
ORD2006,,C38845,Laptop,1,532.89,764 Main St,Gift Card,Pending,TRK47637,2,NoCoupon,Referral,532.89,2024-07-1
ORD2006,,C84834,Tablet,3,136.34,866 Main St,Debit Card,Returned,TRK90136,8,SAVE10,Referral,409.02,2024-03-2
ORD2006,,C37455,Phone,5,476.01,146 Main St,Credit Card,Delivered,TRK82685,7,WINTER15,Google,2380.05,2023-10-2
ORD2006,,C27078,Desk,5,236.38,128 Main St,Credit Card,Returned,TRK89314,7,NoCoupon,Facebook,1181.9,2024-11-0
ORD2006,,C91941,Printer,3,396.0,269 Main St,Gift Card,Cancelled,TRK21330,4,FREESHIP,Instagram,1188.0,2023-06-1
ORD2006,,C25967,Tablet,5,341.96,747 Main St,Debit Card,Delivered,TRK88559,6,NoCoupon,Email,1709.8,2024-01-1
ORD2006,,C22123,Tablet,1,672.89,519 Main St,Credit Card,Pending,TRK43250,1,WINTER15,Email,672.89,2023-09-2
ORD2006,,C45671,Tablet,2,657.48,769 Main St,Online,Shipped,TRK18179,5,SAVE10,Referral,1314.96,2024-03-0
ORD2006,,C53334,Chair,3,498.68,879 Main St,Online,Returned,TRK31724,4,FREESHIP,Email,1496.04,2023-08-0
ORD2006,,C18717,Printer,5,558.63,861 Main St,Cash,Pending,TRK58568,8,FREESHIP,Referral,2793.15,2023-03-2
ORD2006,,C50137,Phone,3,19.73,840 Main St,Online,Pending,TRK91836,3,NoCoupon,Referral,59.19,2023-07-0
ORD2006,,C51481,Monitor,5,248.84,140 Main St,Debit Card,Cancelled,TRK33437,10,NoCoupon,Instagram,1244.2,2023-06-2
ORD2006,,C99128,Chair,3,46.11,360 Main St,Gift Card,Returned,TRK32426,5,WINTER15,Referral,138.33,2024-08-3
ORD2006,,C67260,Laptop,5,678.16,463 Main St,Gift Card,Delivered,TRK38229,7,WINTER15,Facebook,3390.8,2023-05-0
ORD2006,,C79533,Laptop,5,601.72,921 Main St,Gift Card,Cancelled,TRK54711,5,WINTER15,Instagram,3008.6,2024-04-1
ORD2006,,C66906,Printer,2,259.32,117 Main St,Gift Card,Delivered,TRK31633,2,WINTER15,Referral,518.64,2024-04-2
ORD2006,,C12818,Chair,3,63.68,434 Main St,Cash,Returned,TRK40879,6,NoCoupon,Facebook,191.04,2023-12-1
ORD2006,,C60384,Laptop,4,371.07,336 Main St,Cash,Cancelled,TRK92080,7,WINTER15,Facebook,1484.28,2023-10-0
ORD2006,,C92294,Chair,4,306.35,784 Main St,Gift Card,Shipped,TRK23585,7,WINTER15,Referral,1225.4,2024-09-2
ORD2006,,C66840,Tablet,4,578.27,547 Main St,Online,Delivered,TRK76929,9,WINTER15,Email,2313.08,2023-10-1
ORD2006,,C22534,Chair,1,529.19,391 Main St,Cash,Cancelled,TRK17415,5,NoCoupon,Referral,529.19,2023-01-2
ORD20064,,C46509,Chair,2,587.49,647 Main St,Gift Card,Returned,TRK24241,6,SAVE10,Referral,1174.98,2024-02-2
ORD20064,,C71680,Printer,4,567.57,814 Main St,Debit Card,Pending,TRK47386,9,WINTER15,Google,2270.28,2024-06-3
ORD20064,,C15063,Chair,5,85.22,527 Main St,Credit Card,Cancelled,TRK10329,7,FREESHIP,Email,426.1,2024-04-2
ORD20064,,C77122,Laptop,1,438.37,647 Main St,Cash,Cancelled,TRK75814,4,SAVE10,Referral,438.37,2024-08-2
ORD20064,,C86524,Chair,2,366.23,961 Main St,Cash,Shipped,TRK62490,2,WINTER15,Email,732.46,2023-11-1
ORD20064,,C82990,Laptop,2,150.05,727 Main St,Credit Card,Cancelled,TRK68574,4,SAVE10,Facebook,300.1,2023-01-0
ORD20064,,C98761,Chair,4,498.51,804 Main St,Debit Card,Shipped,TRK43262,4,SAVE10,Google,1994.04,2023-10-2
ORD20064,,C54409,Desk,3,339.39,667 Main St,Cash,Returned,TRK67671,7,FREESHIP,Google,1018.17,2025-04-2
ORD20064,,C89674,Monitor,2,575.83,182 Main St,Online,Delivered,TRK45902,3,WINTER15,Referral,1151.66,2025-01-1
ORD20064,,C45899,Monitor,2,642.98,153 Main St,Debit Card,Returned,TRK32932,7,FREESHIP,Email,1285.96,2023-12-2
ORD2006,,C74499,Desk,2,372.23,518 Main St,Gift Card,Delivered,TRK93767,7,SAVE10,Email,744.46,2023-05-1
ORD2006,,C81192,Chair,3,646.34,429 Main St,Debit Card,Pending,TRK76931,5,NoCoupon,Google,1939.02,2024-11-1
ORD2006,,C71473,Chair,5,341.84,328 Main St,Online,Shipped,TRK94857,8,FREESHIP,Instagram,1709.2,2024-06-0
ORD2006,,C59338,Printer,3,690.3,747 Main St,Credit Card,Shipped,TRK12902,6,WINTER15,Google,2070.9,2024-02-2
ORD2006,,C62661,Tablet,3,382.37,863 Main St,Debit Card,Returned,TRK25748,8,NoCoupon,Instagram,1147.11,2023-06-1
ORD2006,,C22101,Chair,2,132.6,262 Main St,Debit Card,Cancelled,TRK70711,4,WINTER15,Email,265.2,2023-03-1
ORD2006,,C51404,Monitor,2,189.06,835 Main St,Gift Card,Shipped,TRK85682,7,SAVE10,Facebook,378.12,2024-01-1
ORD2006,,C19384,Tablet,4,87.79,532 Main St,Cash,Cancelled,TRK33207,6,FREESHIP,Instagram,351.16,2023-12-2
ORD2006,,C86864,Printer,2,46.36,670 Main St,Gift Card,Returned,TRK15323,4,SAVE10,Google,92.72,2025-04-1
ORD2006,,C24301,Phone,2,642.04,964 Main St,Gift Card,Delivered,TRK55000,4,WINTER15,Email,1284.08,2024-10-2
ORD2006,,C43842,Chair,2,651.57,933 Main St,Debit Card,Shipped,TRK54084,7,WINTER15,Facebook,1303.14,2024-10-1
ORD2006,,C63657,Tablet,3,424.89,116 Main St,Debit Card,Cancelled,TRK86378,6,FREESHIP,Google,1274.67,2025-02-2
ORD2006,,C98332,Laptop,3,438.89,985 Main St,Cash,Returned,TRK85744,3,NoCoupon,Facebook,1316.67,2023-01-2
ORD2006,,C59774,Monitor,1,72.6,941 Main St,Debit Card,Cancelled,TRK87635,6,FREESHIP,Instagram,72.6,2024-04-1
ORD2006,,C14847,Laptop,4,194.75,188 Main St,Cash,Shipped,TRK46492,5,NoCoupon,Facebook,779.0,2024-12-1
ORD2006,,C83653,Tablet,4,231.26,253 Main St,Online,Shipped,TRK32619,6,WINTER15,Google,925.04,2023-05-0
ORD2006,,C35711,Monitor,4,327.12,788 Main St,Credit Card,Cancelled,TRK45281,4,NoCoupon,Email,1308.48,2024-08-3
ORD2006,,C10477,Laptop,1,466.42,172 Main St,Gift Card,Pending,TRK41505,5,SAVE10,Email,466.42,2023-05-0
ORD2006,,C61257,Monitor,2,253.67,981 Main St,Cash,Returned,TRK25226,3,WINTER15,Facebook,507.34,2024-07-0
ORD2006,,C60547,Desk,1,257.0,812 Main St,Debit Card,Cancelled,TRK65694,5,NoCoupon,Referral,257.0,2023-02-0
ORD2006,,C14576,Desk,4,539.2,747 Main St,Credit Card,Pending,TRK21637,8,FREESHIP,Google,2156.8,2024-04-1
ORD2006,,C49282,Chair,5,50.74,737 Main St,Gift Card,Cancelled,TRK88653,7,WINTER15,Google,253.7,2023-06-1
ORD2006,,C14017,Phone,2,624.16,984 Main St,Debit Card,Shipped,TRK71009,2,SAVE10,Instagram,1248.32,2023-05-0
ORD2006,,C46504,Tablet,2,372.92,131 Main St,Credit Card,Delivered,TRK95024,7,SAVE10,Email,745.84,2023-02-2
ORD2006,,C56928,Laptop,4,358.75,860 Main St,Gift Card,Delivered,TRK57792,9,SAVE10,Facebook,1435.0,2024-01-0
ORD2006,,C97749,Desk,3,342.02,906 Main St,Debit Card,Pending,TRK90233,5,NoCoupon,Email,1026.06,2024-08-0
ORD2006,,C90431,Laptop,2,422.34,985 Main St,Credit Card,Cancelled,TRK44151,4,FREESHIP,Instagram,844.68,2025-06-2
ORD2006,,C56722,Tablet,5,22.07,179 Main St,Online,Cancelled,TRK78778,7,FREESHIP,Instagram,110.35,2025-04-0
ORD2006,,C40863,Chair,3,163.13,457 Main St,Gift Card,Shipped,TRK20553,5,WINTER15,Facebook,489.39,2024-11-2
ORD2006,,C40798,Tablet,3,360.66,304 Main St,Online,Returned,TRK66106,5,FREESHIP,Instagram,1081.98,2023-02-0
ORD20068,,C16702,Monitor,3,463.39,694 Main St,Credit Card,Returned,TRK16953,3,NoCoupon,Facebook,1390.17,2023-08-2
ORD20068,,C38262,Tablet,1,155.27,548 Main St,Debit Card,Shipped,TRK47300,6,NoCoupon,Email,155.27,2024-01-3
ORD20068,,C50274,Monitor,3,509.42,449 Main St,Credit Card,Cancelled,TRK91729,5,FREESHIP,Google,1528.26,2023-07-2
ORD20068,,C91591,Desk,4,652.48,887 Main St,Cash,Pending,TRK23554,5,FREESHIP,Instagram,2609.92,2025-05-1
ORD20068,,C96583,Printer,4,34.84,288 Main St,Credit Card,Shipped,TRK64353,8,NoCoupon,Email,139.36,2024-09-2
ORD20068,,C64579,Desk,1,234.37,638 Main St,Debit Card,Shipped,TRK10276,5,FREESHIP,Email,234.37,2025-02-0
ORD20068,,C41903,Desk,3,53.6,525 Main St,Cash,Pending,TRK59112,4,WINTER15,Facebook,160.8,2023-10-0
ORD20068,,C19742,Tablet,1,332.09,408 Main St,Gift Card,Returned,TRK68845,5,FREESHIP,Instagram,332.09,2023-09-1
ORD20068,,C20077,Monitor,4,593.22,154 Main St,Credit Card,Cancelled,TRK36415,8,WINTER15,Facebook,2372.88,2024-03-0
ORD20068,,C13186,Tablet,2,444.84,787 Main St,Online,Shipped,TRK56967,7,NoCoupon,Facebook,889.68,2023-08-2
ORD20069,,C29318,Monitor,1,24.48,128 Main St,Gift Card,Returned,TRK88666,1,NoCoupon,Instagram,24.48,2024-07-1
ORD20069,,C36137,Laptop,3,239.08,396 Main St,Cash,Shipped,TRK57376,8,NoCoupon,Google,717.24,2024-11-2
ORD20069,,C25534,Desk,5,196.84,319 Main St,Credit Card,Delivered,TRK68347,5,WINTER15,Instagram,984.2,2023-01-2
ORD20069,,C62070,Monitor,1,176.58,674 Main St,Debit Card,Returned,TRK10267,4,NoCoupon,Referral,176.58,2025-03-1
ORD20069,,C92049,Printer,4,666.52,619 Main St,Cash,Shipped,TRK32287,8,FREESHIP,Email,2666.08,2023-10-0
ORD20069,,C52604,Printer,5,101.3,553 Main St,Online,Shipped,TRK48839,7,FREESHIP,Email,506.5,2024-11-2
ORD20069,,C22429,Chair,4,151.2,965 Main St,Gift Card,Pending,TRK38572,9,WINTER15,Facebook,604.8,2023-07-0
ORD20069,,C27430,Printer,5,94.85,788 Main St,Cash,Shipped,TRK45025,6,WINTER15,Email,474.25,2025-02-0
ORD20069,,C44366,Laptop,2,388.22,169 Main St,Cash,Delivered,TRK48658,2,WINTER15,Instagram,776.44,2023-01-0
ORD20069,,C36813,Laptop,3,614.15,897 Main St,Gift Card,Cancelled,TRK84088,3,NoCoupon,Facebook,1842.45,2023-11-1
ORD20070,,C40201,Laptop,2,92.91,555 Main St,Cash,Returned,TRK30198,3,WINTER15,Instagram,185.82,2024-09-2
ORD20070,,C75456,Monitor,3,92.22,115 Main St,Credit Card,Delivered,TRK90519,5,FREESHIP,Email,276.66,2024-06-2
ORD20070,,C33315,Printer,3,562.55,154 Main St,Debit Card,Returned,TRK43589,6,NoCoupon,Email,1687.65,2024-06-0
ORD20070,,C89336,Desk,1,92.79,799 Main St,Cash,Pending,TRK47665,3,WINTER15,Email,92.79,2023-03-2
ORD20070,,C96034,Desk,4,30.27,819 Main St,Online,Delivered,TRK87261,9,FREESHIP,Google,121.08,2023-06-0
ORD20070,,C50114,Monitor,2,49.08,420 Main St,Debit Card,Returned,TRK20214,7,FREESHIP,Instagram,98.16,2025-03-3
ORD20070,,C85330,Desk,5,228.09,969 Main St,Gift Card,Returned,TRK97693,9,FREESHIP,Facebook,1140.45,2025-03-0
ORD20070,,C31761,Chair,4,650.04,989 Main St,Gift Card,Cancelled,TRK17628,6,SAVE10,Facebook,2600.16,2024-11-0
ORD20070,,C25268,Printer,1,665.11,788 Main St,Cash,Pending,TRK20481,3,FREESHIP,Instagram,665.11,2025-03-0
ORD20070,,C17132,Desk,1,386.03,855 Main St,Online,Pending,TRK37504,4,FREESHIP,Google,386.03,2024-12-0
ORD2007,,C48790,Laptop,5,21.54,113 Main St,Gift Card,Returned,TRK19086,10,NoCoupon,Google,107.7,2024-07-2
ORD2007,,C61070,Tablet,2,475.78,632 Main St,Online,Shipped,TRK90764,2,WINTER15,Google,951.56,2024-07-0
ORD2007,,C56969,Tablet,2,68.4,993 Main St,Gift Card,Pending,TRK10513,7,FREESHIP,Email,136.8,2024-01-0
ORD2007,,C65056,Tablet,4,532.49,638 Main St,Online,Cancelled,TRK31705,6,SAVE10,Facebook,2129.96,2025-06-2
ORD2007,,C84888,Laptop,1,51.73,278 Main St,Debit Card,Pending,TRK23612,1,FREESHIP,Facebook,51.73,2023-04-2
ORD2007,,C68266,Printer,3,653.63,281 Main St,Online,Delivered,TRK96161,7,FREESHIP,Email,1960.89,2024-07-2
ORD2007,,C84115,Chair,3,454.29,891 Main St,Credit Card,Pending,TRK25466,4,WINTER15,Google,1362.87,2024-06-1
ORD2007,,C50087,Chair,3,122.11,707 Main St,Online,Delivered,TRK31143,4,WINTER15,Email,366.33,2023-10-1
ORD2007,,C16790,Laptop,4,64.74,718 Main St,Gift Card,Cancelled,TRK91791,8,SAVE10,Google,258.96,2023-04-0
ORD2007,,C46920,Laptop,2,681.06,703 Main St,Debit Card,Shipped,TRK86403,3,FREESHIP,Facebook,1362.12,2024-01-2
ORD2007,,C12740,Desk,5,128.95,305 Main St,Cash,Pending,TRK98506,10,FREESHIP,Instagram,644.75,2023-09-2
ORD2007,,C46557,Desk,2,118.59,890 Main St,Credit Card,Delivered,TRK56110,2,NoCoupon,Email,237.18,2024-03-1
ORD2007,,C58156,Printer,1,95.1,516 Main St,Gift Card,Pending,TRK49719,1,WINTER15,Instagram,95.1,2024-11-1
ORD2007,,C14455,Desk,3,54.95,385 Main St,Cash,Returned,TRK50933,8,SAVE10,Referral,164.85,2023-12-0
ORD2007,,C63150,Printer,3,136.97,326 Main St,Credit Card,Returned,TRK19348,4,FREESHIP,Referral,410.91,2024-10-1
ORD2007,,C95269,Chair,2,194.85,372 Main St,Gift Card,Returned,TRK45670,5,NoCoupon,Referral,389.7,2023-03-1
ORD2007,,C18105,Laptop,4,583.02,338 Main St,Online,Delivered,TRK94006,4,FREESHIP,Facebook,2332.08,2024-10-2
ORD2007,,C29063,Chair,5,95.75,379 Main St,Online,Shipped,TRK92745,8,SAVE10,Instagram,478.75,2024-09-2
ORD2007,,C10154,Desk,4,325.76,827 Main St,Gift Card,Shipped,TRK79793,8,WINTER15,Email,1303.04,2024-07-2
ORD2007,,C36997,Phone,4,186.41,819 Main St,Gift Card,Pending,TRK92794,6,SAVE10,Google,745.64,2023-09-0
ORD2007,,C77357,Phone,1,474.6,407 Main St,Debit Card,Delivered,TRK91943,4,SAVE10,Email,474.6,2025-02-2
ORD2007,,C71310,Printer,5,584.46,308 Main St,Credit Card,Returned,TRK48292,8,NoCoupon,Email,2922.3,2024-06-0
ORD2007,,C80987,Laptop,1,132.05,787 Main St,Online,Delivered,TRK42187,2,NoCoupon,Google,132.05,2025-03-0
ORD2007,,C90757,Tablet,4,494.84,694 Main St,Cash,Returned,TRK87991,8,SAVE10,Email,1979.36,2023-12-0
ORD2007,,C51898,Printer,4,224.61,630 Main St,Credit Card,Returned,TRK19767,6,WINTER15,Facebook,898.44,2024-01-2
ORD2007,,C94508,Monitor,4,44.07,359 Main St,Debit Card,Pending,TRK13443,6,NoCoupon,Email,176.28,2024-06-2
ORD2007,,C59441,Monitor,5,418.53,696 Main St,Credit Card,Pending,TRK66186,6,FREESHIP,Google,2092.65,2024-02-0
ORD2007,,C91029,Phone,4,532.87,972 Main St,Cash,Pending,TRK25501,9,FREESHIP,Instagram,2131.48,2024-01-0
ORD2007,,C96261,Phone,2,485.37,264 Main St,Credit Card,Shipped,TRK44998,5,SAVE10,Email,970.74,2025-06-0
ORD2007,,C35123,Phone,4,386.73,513 Main St,Cash,Delivered,TRK58979,4,SAVE10,Facebook,1546.92,2024-06-1
ORD20074,,C10892,Desk,2,377.47,433 Main St,Cash,Pending,TRK76154,7,NoCoupon,Google,754.94,2024-07-2
ORD20074,,C99683,Monitor,5,332.64,945 Main St,Gift Card,Delivered,TRK87305,10,NoCoupon,Referral,1663.2,2025-01-2
ORD20074,,C41974,Laptop,3,699.93,726 Main St,Cash,Returned,TRK48051,7,SAVE10,Google,2099.79,2024-11-3
ORD20074,,C23978,Monitor,1,576.35,549 Main St,Gift Card,Returned,TRK87090,1,WINTER15,Instagram,576.35,2024-09-3
ORD20074,,C10642,Tablet,2,461.37,200 Main St,Cash,Delivered,TRK98725,5,SAVE10,Google,922.74,2024-06-1
ORD20074,,C73813,Printer,4,111.3,364 Main St,Debit Card,Pending,TRK89906,7,FREESHIP,Email,445.2,2023-03-0
ORD20074,,C32183,Desk,3,661.89,551 Main St,Online,Cancelled,TRK76287,6,WINTER15,Referral,1985.67,2025-02-2
ORD20074,,C54277,Tablet,2,259.58,940 Main St,Debit Card,Delivered,TRK26500,7,FREESHIP,Instagram,519.16,2025-03-1
ORD20074,,C56553,Tablet,3,70.81,249 Main St,Credit Card,Shipped,TRK37667,8,FREESHIP,Referral,212.43,2024-07-1
ORD20074,,C17551,Laptop,1,518.39,997 Main St,Debit Card,Pending,TRK88797,4,FREESHIP,Instagram,518.39,2025-04-1
ORD2007,,C14737,Tablet,4,145.41,637 Main St,Credit Card,Returned,TRK10295,7,FREESHIP,Email,581.64,2023-01-1
ORD2007,,C35168,Tablet,2,599.86,455 Main St,Gift Card,Pending,TRK76960,7,FREESHIP,Facebook,1199.72,2023-01-2
ORD2007,,C82217,Phone,4,429.37,299 Main St,Credit Card,Delivered,TRK33305,8,FREESHIP,Google,1717.48,2024-10-0
ORD2007,,C42270,Phone,2,241.49,864 Main St,Debit Card,Returned,TRK72697,7,FREESHIP,Instagram,482.98,2024-04-2
ORD2007,,C48846,Printer,2,452.05,983 Main St,Credit Card,Returned,TRK52804,3,WINTER15,Email,904.1,2025-05-3
ORD2007,,C54160,Desk,3,336.71,658 Main St,Credit Card,Pending,TRK60515,4,NoCoupon,Email,1010.13,2023-06-1
ORD2007,,C14080,Phone,1,283.69,202 Main St,Gift Card,Shipped,TRK93163,6,NoCoupon,Google,283.69,2024-06-2
ORD2007,,C81074,Desk,1,157.72,597 Main St,Debit Card,Delivered,TRK91105,2,FREESHIP,Google,157.72,2024-02-2
ORD2007,,C69021,Tablet,3,624.84,917 Main St,Credit Card,Cancelled,TRK57148,8,WINTER15,Facebook,1874.52,2023-03-2
ORD2007,,C96283,Desk,3,308.01,366 Main St,Cash,Pending,TRK91784,3,FREESHIP,Facebook,924.03,2023-07-2
ORD2007,,C96636,Desk,1,39.56,283 Main St,Debit Card,Cancelled,TRK73324,5,NoCoupon,Google,39.56,2025-02-1
ORD2007,,C37235,Desk,4,37.76,217 Main St,Debit Card,Delivered,TRK67789,7,NoCoupon,Google,151.04,2023-06-0
ORD2007,,C12444,Phone,3,76.96,611 Main St,Cash,Returned,TRK97621,8,FREESHIP,Email,230.88,2024-09-1
ORD2007,,C79142,Laptop,1,569.96,533 Main St,Online,Delivered,TRK30915,4,FREESHIP,Email,569.96,2023-04-0
ORD2007,,C35983,Laptop,5,627.43,806 Main St,Credit Card,Cancelled,TRK14016,10,FREESHIP,Email,3137.15,2024-03-1
ORD2007,,C36150,Laptop,2,534.91,281 Main St,Debit Card,Returned,TRK96249,5,SAVE10,Google,1069.82,2023-10-0
ORD2007,,C91454,Printer,2,278.88,494 Main St,Debit Card,Pending,TRK99985,3,FREESHIP,Referral,557.76,2023-01-2
ORD2007,,C19368,Tablet,2,323.22,517 Main St,Credit Card,Delivered,TRK80436,7,NoCoupon,Instagram,646.44,2025-04-1
ORD2007,,C35987,Tablet,5,653.46,165 Main St,Cash,Cancelled,TRK28918,9,WINTER15,Email,3267.3,2023-09-0
ORD2007,,C13366,Printer,4,678.55,568 Main St,Cash,Delivered,TRK98691,5,NoCoupon,Email,2714.2,2023-07-0
ORD2007,,C72166,Desk,1,314.38,227 Main St,Online,Returned,TRK67733,6,NoCoupon,Google,314.38,2024-02-1
ORD2007,,C20357,Phone,3,692.44,272 Main St,Debit Card,Cancelled,TRK82236,8,FREESHIP,Google,2077.32,2024-06-1
ORD2007,,C33802,Monitor,1,604.87,461 Main St,Online,Delivered,TRK25799,4,NoCoupon,Instagram,604.87,2024-07-2
ORD2007,,C99205,Phone,2,512.33,415 Main St,Cash,Cancelled,TRK48904,7,NoCoupon,Facebook,1024.66,2025-06-2
ORD2007,,C29701,Chair,3,20.54,257 Main St,Credit Card,Cancelled,TRK42266,3,FREESHIP,Instagram,61.62,2025-04-1
ORD2007,,C73941,Phone,2,625.22,569 Main St,Online,Cancelled,TRK22051,5,NoCoupon,Google,1250.44,2023-03-0
ORD2007,,C69168,Tablet,1,21.19,482 Main St,Cash,Returned,TRK10446,5,WINTER15,Google,21.19,2023-08-2
ORD2007,,C66116,Chair,5,64.49,633 Main St,Online,Cancelled,TRK41967,7,NoCoupon,Facebook,322.45,2025-03-2
ORD2007,,C85059,Laptop,4,246.85,316 Main St,Credit Card,Shipped,TRK56503,8,WINTER15,Google,987.4,2023-04-2
ORD2007,,C18076,Phone,3,588.74,751 Main St,Debit Card,Pending,TRK26661,8,FREESHIP,Email,1766.22,2023-12-0
ORD20078,,C41284,Laptop,4,184.48,661 Main St,Online,Cancelled,TRK73613,4,WINTER15,Google,737.92,2024-03-3
ORD20078,,C43524,Phone,5,524.26,934 Main St,Gift Card,Delivered,TRK51479,5,FREESHIP,Referral,2621.3,2024-01-1
ORD20078,,C58063,Monitor,2,493.63,167 Main St,Online,Returned,TRK50548,6,SAVE10,Referral,987.26,2024-08-1
ORD20078,,C19937,Printer,1,438.34,281 Main St,Gift Card,Returned,TRK46990,5,FREESHIP,Facebook,438.34,2025-05-2
ORD20078,,C21191,Laptop,1,325.81,232 Main St,Credit Card,Pending,TRK85771,1,WINTER15,Referral,325.81,2025-05-1
ORD20078,,C45862,Chair,1,176.1,342 Main St,Credit Card,Pending,TRK53089,1,SAVE10,Instagram,176.1,2023-07-2
ORD20078,,C39130,Chair,5,45.31,774 Main St,Online,Cancelled,TRK99583,8,NoCoupon,Referral,226.55,2023-08-2
ORD20078,,C18167,Desk,4,221.96,193 Main St,Cash,Delivered,TRK36841,7,NoCoupon,Google,887.84,2024-03-1
ORD20078,,C47307,Chair,2,601.43,761 Main St,Online,Pending,TRK43516,5,FREESHIP,Instagram,1202.86,2023-11-0
ORD20078,,C57276,Tablet,5,691.28,183 Main St,Online,Delivered,TRK75899,10,SAVE10,Email,3456.4,2023-08-1
ORD20079,,C38928,Laptop,4,417.89,302 Main St,Gift Card,Pending,TRK96636,4,NoCoupon,Google,1671.56,2024-09-1
ORD20079,,C49710,Chair,4,409.28,956 Main St,Cash,Pending,TRK92591,8,NoCoupon,Email,1637.12,2024-01-1
ORD20079,,C41709,Desk,2,356.35,746 Main St,Debit Card,Returned,TRK90995,6,WINTER15,Facebook,712.7,2023-06-1
ORD20079,,C91255,Chair,5,170.22,769 Main St,Debit Card,Delivered,TRK69599,8,NoCoupon,Referral,851.1,2024-04-1
ORD20079,,C76653,Printer,4,384.85,988 Main St,Online,Delivered,TRK77052,9,FREESHIP,Instagram,1539.4,2023-03-0
ORD20079,,C95667,Laptop,4,115.77,586 Main St,Online,Pending,TRK41266,7,SAVE10,Instagram,463.08,2024-11-2
ORD20079,,C33313,Phone,3,579.55,882 Main St,Gift Card,Returned,TRK13349,8,WINTER15,Facebook,1738.65,2025-04-2
ORD20079,,C36825,Laptop,2,438.76,426 Main St,Debit Card,Returned,TRK72557,2,NoCoupon,Facebook,877.52,2023-02-2
ORD20079,,C20861,Phone,5,488.35,968 Main St,Debit Card,Returned,TRK89372,9,FREESHIP,Email,2441.75,2025-05-1
ORD20079,,C26364,Laptop,4,328.56,803 Main St,Debit Card,Returned,TRK78924,4,FREESHIP,Email,1314.24,2023-04-1
ORD20080,,C34686,Tablet,1,68.39,412 Main St,Online,Returned,TRK99468,3,WINTER15,Facebook,68.39,2025-03-2
ORD20080,,C97593,Printer,4,595.62,738 Main St,Debit Card,Pending,TRK58443,8,FREESHIP,Facebook,2382.48,2023-05-0
ORD20080,,C84331,Chair,5,644.64,205 Main St,Gift Card,Cancelled,TRK34440,6,FREESHIP,Email,3223.2,2024-02-1
ORD20080,,C88775,Monitor,5,397.81,223 Main St,Debit Card,Returned,TRK45098,5,SAVE10,Referral,1989.05,2023-08-2
ORD20080,,C76362,Chair,3,236.5,916 Main St,Online,Delivered,TRK11868,8,FREESHIP,Email,709.5,2024-01-0
ORD20080,,C59278,Laptop,5,472.01,178 Main St,Gift Card,Cancelled,TRK14590,10,SAVE10,Email,2360.05,2024-10-1
ORD20080,,C55819,Chair,5,253.75,740 Main St,Online,Pending,TRK13775,9,WINTER15,Instagram,1268.75,2023-09-0
ORD20080,,C82344,Monitor,3,676.21,260 Main St,Online,Delivered,TRK70957,5,SAVE10,Google,2028.63,2024-11-1
ORD20080,,C65565,Desk,3,134.05,192 Main St,Credit Card,Shipped,TRK80383,3,NoCoupon,Google,402.15,2024-02-1
ORD20080,,C80416,Desk,5,217.43,752 Main St,Debit Card,Shipped,TRK54385,10,SAVE10,Instagram,1087.15,2024-04-0
ORD2008,,C23637,Tablet,1,553.56,644 Main St,Credit Card,Cancelled,TRK16749,5,NoCoupon,Referral,553.56,2023-05-3
ORD2008,,C24769,Laptop,2,28.55,864 Main St,Gift Card,Shipped,TRK44538,7,SAVE10,Email,57.1,2023-11-0
ORD2008,,C81547,Phone,2,255.26,803 Main St,Credit Card,Cancelled,TRK88437,6,FREESHIP,Google,510.52,2024-01-2
ORD2008,,C12813,Laptop,5,292.54,263 Main St,Debit Card,Cancelled,TRK36131,8,FREESHIP,Email,1462.7,2025-03-1
ORD2008,,C50732,Chair,4,147.51,979 Main St,Debit Card,Pending,TRK21082,4,WINTER15,Instagram,590.04,2024-12-1
ORD2008,,C41320,Printer,3,569.84,920 Main St,Gift Card,Cancelled,TRK77539,8,WINTER15,Instagram,1709.52,2024-08-0
ORD2008,,C55286,Tablet,5,574.79,497 Main St,Credit Card,Pending,TRK39058,8,WINTER15,Referral,2873.95,2024-02-2
ORD2008,,C87994,Chair,4,598.19,430 Main St,Credit Card,Delivered,TRK98883,7,WINTER15,Email,2392.76,2023-10-0
ORD2008,,C25580,Phone,4,390.84,860 Main St,Credit Card,Cancelled,TRK58781,9,WINTER15,Referral,1563.36,2023-03-0
ORD2008,,C66196,Phone,2,398.45,650 Main St,Debit Card,Cancelled,TRK38104,7,SAVE10,Google,796.9,2024-09-2
ORD2008,,C35377,Phone,5,623.81,171 Main St,Cash,Returned,TRK17342,6,FREESHIP,Email,3119.05,2023-05-2
ORD2008,,C40771,Laptop,4,174.49,259 Main St,Credit Card,Delivered,TRK56310,5,SAVE10,Facebook,697.96,2024-12-1
ORD2008,,C20624,Phone,1,479.56,923 Main St,Gift Card,Returned,TRK45123,1,SAVE10,Google,479.56,2025-03-1
ORD2008,,C27070,Laptop,4,653.13,973 Main St,Credit Card,Shipped,TRK83842,8,WINTER15,Instagram,2612.52,2024-10-0
ORD2008,,C18826,Monitor,3,481.1,664 Main St,Credit Card,Returned,TRK12530,3,FREESHIP,Facebook,1443.3,2023-08-2
ORD2008,,C23899,Desk,5,271.69,543 Main St,Online,Returned,TRK88914,7,FREESHIP,Instagram,1358.45,2025-03-2
ORD2008,,C43249,Printer,3,463.81,283 Main St,Online,Returned,TRK32469,8,WINTER15,Email,1391.43,2025-03-0
ORD2008,,C95856,Tablet,2,639.88,432 Main St,Cash,Delivered,TRK58829,5,WINTER15,Instagram,1279.76,2023-05-2
ORD2008,,C86266,Chair,4,404.58,510 Main St,Cash,Shipped,TRK64576,5,FREESHIP,Instagram,1618.32,2024-07-2
ORD2008,,C39551,Monitor,1,76.93,685 Main St,Debit Card,Delivered,TRK68358,6,WINTER15,Instagram,76.93,2023-02-0
ORD2008,,C90310,Tablet,4,190.64,853 Main St,Cash,Delivered,TRK70028,5,SAVE10,Email,762.56,2024-12-1
ORD2008,,C20124,Printer,2,88.73,140 Main St,Online,Pending,TRK61346,5,NoCoupon,Google,177.46,2023-12-1
ORD2008,,C63372,Chair,5,485.71,903 Main St,Online,Pending,TRK14661,10,SAVE10,Referral,2428.55,2024-03-1
ORD2008,,C90595,Phone,5,78.29,508 Main St,Credit Card,Shipped,TRK96573,5,WINTER15,Referral,391.45,2025-03-1
ORD2008,,C98483,Printer,5,22.14,456 Main St,Cash,Returned,TRK22084,10,NoCoupon,Instagram,110.7,2024-04-1
ORD2008,,C16429,Desk,1,679.65,390 Main St,Debit Card,Shipped,TRK73888,6,FREESHIP,Google,679.65,2024-03-2
ORD2008,,C31810,Phone,1,178.44,328 Main St,Credit Card,Cancelled,TRK58725,2,FREESHIP,Google,178.44,2023-02-0
ORD2008,,C88029,Chair,5,655.55,282 Main St,Online,Delivered,TRK59701,5,NoCoupon,Email,3277.75,2025-06-1
ORD2008,,C57798,Desk,4,577.08,384 Main St,Online,Pending,TRK68797,8,NoCoupon,Facebook,2308.32,2024-04-1
ORD2008,,C82858,Chair,3,197.97,551 Main St,Online,Cancelled,TRK90618,5,NoCoupon,Google,593.91,2023-08-2
ORD20084,,C60699,Chair,3,411.95,672 Main St,Credit Card,Delivered,TRK88660,7,FREESHIP,Referral,1235.85,2024-01-1
ORD20084,,C94658,Printer,2,443.22,742 Main St,Credit Card,Delivered,TRK51732,5,NoCoupon,Facebook,886.44,2024-09-1
ORD20084,,C78305,Laptop,3,364.14,396 Main St,Online,Pending,TRK88312,7,WINTER15,Referral,1092.42,2025-05-0
ORD20084,,C43538,Desk,3,430.06,534 Main St,Gift Card,Cancelled,TRK20961,8,FREESHIP,Instagram,1290.18,2025-05-1
ORD20084,,C47486,Chair,1,320.92,883 Main St,Online,Returned,TRK75984,5,FREESHIP,Facebook,320.92,2024-12-0
ORD20084,,C24212,Phone,3,107.36,808 Main St,Gift Card,Delivered,TRK68894,5,FREESHIP,Google,322.08,2023-10-0
ORD20084,,C24765,Desk,2,359.86,646 Main St,Debit Card,Cancelled,TRK43977,4,NoCoupon,Referral,719.72,2024-07-0
ORD20084,,C48176,Printer,4,434.23,670 Main St,Online,Shipped,TRK90560,8,FREESHIP,Email,1736.92,2024-11-1
ORD20084,,C54675,Chair,2,645.85,634 Main St,Online,Shipped,TRK18049,5,NoCoupon,Referral,1291.7,2023-01-0
ORD20084,,C16675,Printer,4,214.35,664 Main St,Debit Card,Cancelled,TRK12756,7,WINTER15,Referral,857.4,2025-06-0
ORD2008,,C38557,Monitor,3,638.5,890 Main St,Debit Card,Cancelled,TRK14832,4,FREESHIP,Instagram,1915.5,2025-04-2
ORD2008,,C80183,Laptop,1,365.57,146 Main St,Online,Cancelled,TRK20814,5,SAVE10,Email,365.57,2023-12-1
ORD2008,,C39530,Desk,3,568.05,618 Main St,Gift Card,Pending,TRK69000,6,SAVE10,Google,1704.15,2024-10-2
ORD2008,,C10002,Printer,3,490.01,894 Main St,Cash,Returned,TRK94641,4,SAVE10,Facebook,1470.03,2023-10-1
ORD2008,,C56938,Laptop,3,372.6,356 Main St,Credit Card,Delivered,TRK67735,7,WINTER15,Referral,1117.8,2025-06-1
ORD2008,,C41331,Monitor,5,240.61,785 Main St,Credit Card,Shipped,TRK94198,10,FREESHIP,Email,1203.05,2023-05-2
ORD2008,,C94698,Phone,1,586.62,871 Main St,Debit Card,Shipped,TRK95768,5,NoCoupon,Facebook,586.62,2024-06-0
ORD2008,,C56506,Phone,3,257.84,185 Main St,Online,Delivered,TRK86808,4,NoCoupon,Instagram,773.52,2024-03-1
ORD2008,,C22167,Tablet,5,435.66,891 Main St,Online,Pending,TRK70269,9,NoCoupon,Facebook,2178.3,2023-08-2
ORD2008,,C11127,Chair,5,261.33,154 Main St,Credit Card,Returned,TRK73285,5,SAVE10,Referral,1306.65,2024-08-2
ORD2008,,C69542,Printer,1,422.54,876 Main St,Cash,Delivered,TRK20746,1,SAVE10,Google,422.54,2024-01-2
ORD2008,,C93276,Desk,5,330.45,230 Main St,Gift Card,Shipped,TRK44165,10,FREESHIP,Google,1652.25,2023-03-1
ORD2008,,C37969,Desk,3,120.82,799 Main St,Credit Card,Shipped,TRK69852,5,SAVE10,Referral,362.46,2023-12-0
ORD2008,,C98276,Phone,1,14.06,471 Main St,Credit Card,Pending,TRK74207,5,SAVE10,Referral,14.06,2024-05-2
ORD2008,,C14240,Desk,1,491.11,592 Main St,Credit Card,Delivered,TRK58095,4,SAVE10,Facebook,491.11,2023-05-0
ORD2008,,C72241,Monitor,4,677.37,156 Main St,Cash,Pending,TRK76270,8,SAVE10,Google,2709.48,2023-04-3
ORD2008,,C39664,Desk,5,189.25,693 Main St,Debit Card,Cancelled,TRK39917,10,WINTER15,Email,946.25,2024-07-2
ORD2008,,C53252,Printer,4,142.58,351 Main St,Cash,Delivered,TRK65831,4,FREESHIP,Facebook,570.32,2024-05-2
ORD2008,,C70452,Monitor,4,316.32,309 Main St,Debit Card,Delivered,TRK42985,7,NoCoupon,Facebook,1265.28,2024-06-2
ORD2008,,C29905,Desk,2,533.95,790 Main St,Online,Delivered,TRK16788,5,WINTER15,Google,1067.9,2024-03-1
ORD2008,,C78725,Phone,4,470.09,541 Main St,Debit Card,Delivered,TRK72001,4,FREESHIP,Google,1880.36,2025-06-0
ORD2008,,C93768,Tablet,3,324.3,720 Main St,Debit Card,Pending,TRK22024,8,FREESHIP,Email,972.9,2024-05-1
ORD2008,,C59169,Chair,4,629.34,172 Main St,Cash,Shipped,TRK90883,7,NoCoupon,Email,2517.36,2023-07-1
ORD2008,,C53488,Desk,3,136.84,448 Main St,Cash,Delivered,TRK27365,3,SAVE10,Facebook,410.52,2024-05-1
ORD2008,,C92180,Chair,2,488.9,632 Main St,Cash,Delivered,TRK93315,7,FREESHIP,Facebook,977.8,2023-10-3
ORD2008,,C25918,Laptop,5,133.39,203 Main St,Credit Card,Delivered,TRK66473,6,FREESHIP,Referral,666.95,2023-08-0
ORD2008,,C90363,Chair,5,608.91,200 Main St,Gift Card,Pending,TRK21534,6,SAVE10,Google,3044.55,2024-06-0
ORD2008,,C43867,Tablet,1,524.06,269 Main St,Debit Card,Pending,TRK97319,3,FREESHIP,Email,524.06,2024-07-2
ORD2008,,C73873,Desk,2,330.69,393 Main St,Online,Cancelled,TRK56423,5,SAVE10,Google,661.38,2023-06-0
ORD2008,,C56622,Phone,2,547.67,932 Main St,Gift Card,Shipped,TRK86373,3,NoCoupon,Instagram,1095.34,2025-04-0
ORD20088,,C85074,Laptop,4,233.7,506 Main St,Online,Shipped,TRK63133,8,SAVE10,Facebook,934.8,2025-03-1
ORD20088,,C59579,Tablet,2,448.85,386 Main St,Credit Card,Pending,TRK48000,6,NoCoupon,Instagram,897.7,2023-01-0
ORD20088,,C43335,Phone,2,274.12,533 Main St,Cash,Delivered,TRK91848,6,FREESHIP,Referral,548.24,2025-06-2
ORD20088,,C43595,Printer,5,561.48,451 Main St,Online,Delivered,TRK25317,9,FREESHIP,Facebook,2807.4,2025-05-1
ORD20088,,C71471,Chair,1,595.54,817 Main St,Gift Card,Shipped,TRK52137,4,NoCoupon,Instagram,595.54,2024-05-1
ORD20088,,C61090,Laptop,4,515.59,387 Main St,Credit Card,Shipped,TRK36388,7,FREESHIP,Google,2062.36,2024-04-0
ORD20088,,C29620,Phone,1,460.13,792 Main St,Credit Card,Returned,TRK22046,1,NoCoupon,Google,460.13,2023-10-2
ORD20088,,C67932,Chair,3,171.66,857 Main St,Debit Card,Delivered,TRK88547,7,NoCoupon,Google,514.98,2024-12-1
ORD20088,,C14427,Laptop,2,266.95,833 Main St,Credit Card,Pending,TRK58024,3,NoCoupon,Instagram,533.9,2024-07-2
ORD20088,,C36725,Monitor,5,650.72,350 Main St,Credit Card,Cancelled,TRK16808,8,WINTER15,Email,3253.6,2024-10-2
ORD20089,,C51921,Laptop,3,439.53,943 Main St,Debit Card,Pending,TRK85741,5,NoCoupon,Google,1318.59,2023-08-1
ORD20089,,C36534,Monitor,3,654.54,918 Main St,Cash,Returned,TRK38952,7,SAVE10,Referral,1963.62,2023-11-1
ORD20089,,C72043,Desk,1,394.53,480 Main St,Cash,Shipped,TRK40896,2,FREESHIP,Referral,394.53,2024-06-0
ORD20089,,C99533,Monitor,1,678.01,696 Main St,Cash,Pending,TRK55701,4,FREESHIP,Referral,678.01,2023-03-2
ORD20089,,C90852,Tablet,3,575.01,852 Main St,Online,Cancelled,TRK37551,8,WINTER15,Instagram,1725.03,2023-05-2
ORD20089,,C81882,Chair,3,154.64,832 Main St,Debit Card,Pending,TRK62371,6,WINTER15,Facebook,463.92,2023-11-0
ORD20089,,C85466,Desk,3,147.29,102 Main St,Gift Card,Shipped,TRK66764,3,FREESHIP,Google,441.87,2024-10-1
ORD20089,,C87995,Laptop,4,481.48,358 Main St,Gift Card,Delivered,TRK38730,5,SAVE10,Instagram,1925.92,2024-09-0
ORD20089,,C44619,Monitor,3,158.37,742 Main St,Cash,Shipped,TRK66662,6,NoCoupon,Referral,475.11,2025-03-0
ORD20089,,C99904,Printer,2,323.37,552 Main St,Online,Pending,TRK83843,3,SAVE10,Instagram,646.74,2025-04-2
ORD20090,,C52342,Laptop,5,73.83,991 Main St,Debit Card,Pending,TRK67342,9,NoCoupon,Instagram,369.15,2025-02-0
ORD20090,,C44277,Tablet,1,458.63,839 Main St,Debit Card,Returned,TRK79321,4,WINTER15,Referral,458.63,2024-04-2
ORD20090,,C61162,Monitor,4,180.25,813 Main St,Debit Card,Cancelled,TRK76712,7,NoCoupon,Facebook,721.0,2024-07-1
ORD20090,,C80868,Monitor,3,473.49,205 Main St,Credit Card,Pending,TRK56186,7,NoCoupon,Email,1420.47,2023-05-1
ORD20090,,C16693,Monitor,4,237.43,262 Main St,Cash,Cancelled,TRK41146,8,WINTER15,Referral,949.72,2025-02-0
ORD20090,,C67818,Laptop,1,442.39,101 Main St,Gift Card,Pending,TRK81978,6,FREESHIP,Facebook,442.39,2023-11-2
ORD20090,,C49938,Monitor,1,62.12,141 Main St,Cash,Returned,TRK80175,2,NoCoupon,Email,62.12,2024-09-0
ORD20090,,C90898,Desk,5,298.39,583 Main St,Gift Card,Cancelled,TRK52935,7,WINTER15,Referral,1491.95,2024-08-0
ORD20090,,C35117,Desk,2,697.93,332 Main St,Credit Card,Cancelled,TRK27155,2,SAVE10,Google,1395.86,2025-05-0
ORD20090,,C60203,Tablet,2,291.85,569 Main St,Cash,Shipped,TRK76525,5,FREESHIP,Instagram,583.7,2024-05-2
ORD2009,,C36174,Printer,3,308.98,348 Main St,Cash,Delivered,TRK26397,3,SAVE10,Instagram,926.94,2024-05-3
ORD2009,,C80872,Desk,5,396.86,593 Main St,Cash,Cancelled,TRK43967,9,SAVE10,Instagram,1984.3,2024-08-1
ORD2009,,C67604,Desk,2,139.69,318 Main St,Online,Returned,TRK85545,7,FREESHIP,Email,279.38,2024-01-2
ORD2009,,C45599,Printer,5,475.95,505 Main St,Credit Card,Returned,TRK62277,8,WINTER15,Facebook,2379.75,2023-02-1
ORD2009,,C70352,Desk,1,626.6,955 Main St,Gift Card,Returned,TRK51589,4,WINTER15,Facebook,626.6,2025-02-1
ORD2009,,C20643,Laptop,4,502.99,939 Main St,Debit Card,Shipped,TRK30736,4,WINTER15,Referral,2011.96,2024-02-1
ORD2009,,C35669,Printer,5,578.83,165 Main St,Cash,Returned,TRK13928,6,NoCoupon,Referral,2894.15,2024-06-2
ORD2009,,C65524,Laptop,5,383.82,836 Main St,Credit Card,Returned,TRK19315,7,FREESHIP,Google,1919.1,2025-01-2
ORD2009,,C74359,Laptop,5,368.25,706 Main St,Online,Delivered,TRK18250,5,NoCoupon,Instagram,1841.25,2025-06-2
ORD2009,,C92086,Printer,2,374.6,187 Main St,Online,Shipped,TRK23357,3,FREESHIP,Referral,749.2,2025-02-0
ORD2009,,C26137,Tablet,2,428.09,978 Main St,Credit Card,Returned,TRK98110,6,NoCoupon,Instagram,856.18,2025-03-1
ORD2009,,C90573,Tablet,1,438.93,144 Main St,Gift Card,Cancelled,TRK90075,3,SAVE10,Referral,438.93,2023-07-2
ORD2009,,C81857,Desk,2,563.82,487 Main St,Credit Card,Pending,TRK79737,3,NoCoupon,Instagram,1127.64,2024-06-1
ORD2009,,C91582,Printer,3,649.93,836 Main St,Credit Card,Pending,TRK99938,7,WINTER15,Facebook,1949.79,2023-02-1
ORD2009,,C81319,Printer,5,268.43,991 Main St,Cash,Returned,TRK55330,5,SAVE10,Email,1342.15,2025-03-2
ORD2009,,C78500,Monitor,5,502.47,304 Main St,Online,Shipped,TRK97460,10,WINTER15,Email,2512.35,2024-12-2
ORD2009,,C67533,Desk,1,26.95,672 Main St,Cash,Delivered,TRK14566,1,WINTER15,Email,26.95,2024-03-2
ORD2009,,C35566,Laptop,4,64.69,638 Main St,Debit Card,Shipped,TRK10003,7,WINTER15,Google,258.76,2023-02-1
ORD2009,,C77166,Laptop,3,247.11,821 Main St,Debit Card,Returned,TRK18896,3,WINTER15,Referral,741.33,2024-05-0
ORD2009,,C67936,Tablet,2,536.25,553 Main St,Debit Card,Pending,TRK71803,3,NoCoupon,Email,1072.5,2024-10-1
ORD2009,,C59554,Phone,2,456.04,382 Main St,Debit Card,Returned,TRK28182,4,FREESHIP,Email,912.08,2024-12-1
ORD2009,,C14005,Printer,2,40.23,623 Main St,Credit Card,Cancelled,TRK87567,4,SAVE10,Google,80.46,2024-01-0
ORD2009,,C26118,Laptop,2,72.39,168 Main St,Online,Delivered,TRK15334,7,WINTER15,Instagram,144.78,2023-03-2
ORD2009,,C59685,Monitor,2,394.16,255 Main St,Online,Shipped,TRK43718,2,NoCoupon,Referral,788.32,2023-01-2
ORD2009,,C40304,Laptop,4,119.84,692 Main St,Gift Card,Shipped,TRK85790,8,FREESHIP,Referral,479.36,2025-06-0
ORD2009,,C39593,Phone,3,692.71,398 Main St,Credit Card,Delivered,TRK62405,3,FREESHIP,Instagram,2078.13,2023-11-2
ORD2009,,C50612,Chair,4,56.66,737 Main St,Online,Delivered,TRK44140,4,SAVE10,Instagram,226.64,2024-01-1
ORD2009,,C39791,Chair,2,298.53,536 Main St,Debit Card,Cancelled,TRK46221,5,WINTER15,Email,597.06,2024-01-1
ORD2009,,C39017,Chair,3,331.46,696 Main St,Credit Card,Cancelled,TRK91155,6,WINTER15,Referral,994.38,2023-07-1
ORD2009,,C48510,Laptop,2,521.4,212 Main St,Cash,Delivered,TRK53152,7,SAVE10,Instagram,1042.8,2025-04-1
ORD20094,,C74003,Printer,4,305.32,679 Main St,Online,Cancelled,TRK91525,4,SAVE10,Google,1221.28,2023-03-2
ORD20094,,C91155,Printer,5,111.7,599 Main St,Credit Card,Cancelled,TRK82162,9,FREESHIP,Email,558.5,2023-07-1
ORD20094,,C17591,Tablet,1,479.76,882 Main St,Credit Card,Pending,TRK56070,1,NoCoupon,Email,479.76,2023-09-2
ORD20094,,C43330,Monitor,3,193.49,355 Main St,Gift Card,Returned,TRK71594,6,FREESHIP,Facebook,580.47,2023-12-2
ORD20094,,C32687,Laptop,2,426.22,448 Main St,Online,Delivered,TRK98284,7,WINTER15,Google,852.44,2024-12-1
ORD20094,,C79722,Tablet,5,276.44,619 Main St,Gift Card,Shipped,TRK29976,10,FREESHIP,Referral,1382.2,2023-08-2
ORD20094,,C65021,Phone,2,404.96,546 Main St,Cash,Shipped,TRK20626,4,SAVE10,Email,809.92,2024-05-0
ORD20094,,C85520,Phone,4,465.66,119 Main St,Online,Returned,TRK65994,9,FREESHIP,Email,1862.64,2023-09-0
ORD20094,,C94569,Phone,2,594.07,739 Main St,Gift Card,Cancelled,TRK79269,2,NoCoupon,Google,1188.14,2024-06-2
ORD20094,,C55778,Desk,5,110.38,319 Main St,Cash,Pending,TRK93797,10,NoCoupon,Referral,551.9,2023-11-0
ORD2009,,C19722,Laptop,1,596.24,891 Main St,Credit Card,Returned,TRK78094,4,FREESHIP,Instagram,596.24,2024-05-3
ORD2009,,C74928,Printer,2,306.24,589 Main St,Online,Returned,TRK39845,4,FREESHIP,Email,612.48,2024-07-2
ORD2009,,C49111,Monitor,3,503.39,225 Main St,Online,Pending,TRK45303,5,NoCoupon,Facebook,1510.17,2025-02-2
ORD2009,,C43721,Phone,1,131.61,971 Main St,Cash,Shipped,TRK89392,2,FREESHIP,Facebook,131.61,2023-02-0
ORD2009,,C68609,Chair,3,443.44,240 Main St,Gift Card,Shipped,TRK58273,3,FREESHIP,Google,1330.32,2024-10-2
ORD2009,,C82068,Chair,1,408.13,164 Main St,Gift Card,Shipped,TRK25779,3,WINTER15,Instagram,408.13,2023-01-2
ORD2009,,C21191,Phone,2,160.98,381 Main St,Debit Card,Delivered,TRK86246,3,SAVE10,Referral,321.96,2024-04-1
ORD2009,,C73575,Monitor,5,643.89,851 Main St,Cash,Returned,TRK23387,8,WINTER15,Facebook,3219.45,2023-01-1
ORD2009,,C82685,Desk,3,158.66,537 Main St,Gift Card,Delivered,TRK70184,7,WINTER15,Email,475.98,2023-05-1
ORD2009,,C73996,Tablet,2,143.82,856 Main St,Credit Card,Returned,TRK74579,6,SAVE10,Instagram,287.64,2024-04-1
ORD2009,,C87687,Laptop,3,379.07,312 Main St,Gift Card,Pending,TRK60383,3,WINTER15,Google,1137.21,2023-12-1
ORD2009,,C55464,Phone,1,601.36,532 Main St,Online,Shipped,TRK81178,1,NoCoupon,Facebook,601.36,2024-11-1
ORD2009,,C12459,Phone,2,142.08,838 Main St,Gift Card,Delivered,TRK30674,4,SAVE10,Referral,284.16,2024-09-0
ORD2009,,C88075,Chair,5,530.34,970 Main St,Online,Shipped,TRK42832,9,FREESHIP,Google,2651.7,2024-03-1
ORD2009,,C18583,Phone,5,364.42,778 Main St,Credit Card,Cancelled,TRK43084,10,SAVE10,Referral,1822.1,2023-08-2
ORD2009,,C70412,Laptop,4,578.28,791 Main St,Gift Card,Cancelled,TRK22192,5,FREESHIP,Email,2313.12,2025-06-1
ORD2009,,C58503,Monitor,5,280.52,290 Main St,Credit Card,Cancelled,TRK12981,7,WINTER15,Facebook,1402.6,2025-05-2
ORD2009,,C52879,Tablet,5,638.92,502 Main St,Credit Card,Returned,TRK67403,5,FREESHIP,Google,3194.6,2025-05-0
ORD2009,,C67870,Monitor,4,412.2,664 Main St,Credit Card,Shipped,TRK72602,6,WINTER15,Referral,1648.8,2024-02-0
ORD2009,,C19439,Desk,1,440.34,675 Main St,Gift Card,Shipped,TRK25383,2,WINTER15,Facebook,440.34,2025-06-0
ORD2009,,C72664,Desk,1,627.15,241 Main St,Cash,Delivered,TRK86694,5,SAVE10,Instagram,627.15,2024-09-0
ORD2009,,C32650,Monitor,2,605.26,934 Main St,Cash,Cancelled,TRK66648,4,WINTER15,Referral,1210.52,2024-05-2
ORD2009,,C66438,Laptop,1,90.27,816 Main St,Cash,Delivered,TRK32035,5,SAVE10,Facebook,90.27,2024-06-0
ORD2009,,C70010,Desk,5,230.77,141 Main St,Online,Pending,TRK50594,10,WINTER15,Referral,1153.85,2025-06-0
ORD2009,,C30722,Desk,5,266.78,274 Main St,Gift Card,Cancelled,TRK52088,5,NoCoupon,Email,1333.9,2023-09-2
ORD2009,,C70529,Desk,1,105.92,974 Main St,Gift Card,Returned,TRK82165,6,SAVE10,Email,105.92,2023-05-1
ORD2009,,C18984,Tablet,3,589.3,650 Main St,Credit Card,Returned,TRK49298,6,WINTER15,Referral,1767.9,2024-04-0
ORD2009,,C85841,Chair,4,649.47,608 Main St,Cash,Pending,TRK99820,8,SAVE10,Google,2597.88,2023-01-2
ORD2009,,C41508,Printer,4,107.49,993 Main St,Cash,Delivered,TRK61047,5,NoCoupon,Google,429.96,2024-06-2
ORD2009,,C75018,Monitor,3,669.06,299 Main St,Cash,Delivered,TRK51794,7,SAVE10,Facebook,2007.18,2023-05-3
ORD20098,,C84320,Chair,3,69.65,107 Main St,Cash,Delivered,TRK81093,7,WINTER15,Instagram,208.95,2023-10-1
ORD20098,,C12609,Phone,4,136.83,490 Main St,Debit Card,Pending,TRK56379,8,SAVE10,Email,547.32,2023-11-2
ORD20098,,C64935,Monitor,1,304.11,707 Main St,Gift Card,Shipped,TRK42969,2,SAVE10,Referral,304.11,2024-09-0
ORD20098,,C67528,Monitor,4,296.28,110 Main St,Gift Card,Shipped,TRK60865,5,SAVE10,Email,1185.12,2024-11-2
ORD20098,,C44176,Desk,1,77.64,706 Main St,Credit Card,Shipped,TRK68704,1,FREESHIP,Facebook,77.64,2025-02-2
ORD20098,,C92788,Desk,1,243.71,948 Main St,Gift Card,Delivered,TRK83835,6,SAVE10,Google,243.71,2024-07-2
ORD20098,,C69213,Laptop,4,644.96,533 Main St,Credit Card,Pending,TRK67837,7,FREESHIP,Email,2579.84,2024-09-0
ORD20098,,C67387,Phone,5,283.73,436 Main St,Gift Card,Pending,TRK54120,8,FREESHIP,Instagram,1418.65,2025-06-0
ORD20098,,C90318,Desk,2,629.56,818 Main St,Gift Card,Cancelled,TRK52765,5,WINTER15,Instagram,1259.12,2025-02-0
ORD20098,,C49995,Laptop,4,246.11,559 Main St,Credit Card,Pending,TRK33212,4,SAVE10,Instagram,984.44,2023-03-2
ORD20099,,C52313,Phone,2,418.26,913 Main St,Debit Card,Pending,TRK67368,2,SAVE10,Google,836.52,2023-11-1
ORD20099,,C10211,Desk,5,127.18,598 Main St,Debit Card,Cancelled,TRK68938,10,FREESHIP,Google,635.9,2024-05-0
ORD20099,,C97907,Printer,3,586.21,933 Main St,Gift Card,Pending,TRK89637,4,WINTER15,Referral,1758.63,2024-08-2
ORD20099,,C61384,Monitor,3,267.45,576 Main St,Gift Card,Delivered,TRK33323,5,WINTER15,Instagram,802.35,2024-04-0
ORD20099,,C27613,Tablet,4,615.65,971 Main St,Debit Card,Delivered,TRK63701,9,WINTER15,Google,2462.6,2024-06-2
ORD20099,,C99271,Monitor,2,113.29,959 Main St,Cash,Pending,TRK87832,5,SAVE10,Facebook,226.58,2023-11-1
ORD20099,,C28648,Monitor,4,473.86,101 Main St,Debit Card,Delivered,TRK92240,7,SAVE10,Facebook,1895.44,2024-04-2
ORD20099,,C26210,Laptop,3,444.75,805 Main St,Cash,Delivered,TRK40616,6,SAVE10,Facebook,1334.25,2023-11-2
ORD20099,,C90350,Phone,2,183.67,783 Main St,Debit Card,Cancelled,TRK22824,6,SAVE10,Google,367.34,2023-05-1
ORD20099,,C61957,Printer,1,483.38,652 Main St,Cash,Pending,TRK43983,6,FREESHIP,Google,483.38,2023-12-2
ORD20100,,C90132,Printer,5,260.93,582 Main St,Online,Delivered,TRK52664,9,SAVE10,Email,1304.65,2023-06-2
ORD20100,,C31371,Printer,2,253.68,122 Main St,Gift Card,Shipped,TRK19554,6,NoCoupon,Referral,507.36,2023-12-0
ORD20100,,C83911,Tablet,4,699.88,944 Main St,Cash,Pending,TRK33188,5,WINTER15,Referral,2799.52,2025-06-1
ORD20100,,C84700,Printer,5,319.97,582 Main St,Cash,Shipped,TRK14706,7,SAVE10,Google,1599.85,2023-01-1
ORD20100,,C87529,Chair,4,246.91,296 Main St,Online,Pending,TRK15739,8,SAVE10,Referral,987.64,2025-06-0
ORD20100,,C38065,Printer,3,392.85,426 Main St,Credit Card,Returned,TRK11448,6,NoCoupon,Google,1178.55,2023-03-0
ORD20100,,C27435,Tablet,5,420.98,860 Main St,Cash,Delivered,TRK91458,7,SAVE10,Facebook,2104.9,2024-05-2
ORD20100,,C46651,Monitor,2,73.26,839 Main St,Cash,Pending,TRK60444,4,WINTER15,Facebook,146.52,2024-03-2
ORD20100,,C62557,Monitor,3,410.88,257 Main St,Cash,Delivered,TRK12742,8,FREESHIP,Instagram,1232.64,2023-01-1
ORD20100,,C54494,Tablet,2,176.46,696 Main St,Credit Card,Delivered,TRK95958,2,FREESHIP,Email,352.92,2023-09-0
ORD2010,,C33729,Monitor,3,659.57,533 Main St,Credit Card,Cancelled,TRK35649,6,SAVE10,Email,1978.71,2023-03-3
ORD2010,,C47823,Phone,2,478.36,654 Main St,Online,Shipped,TRK22271,3,NoCoupon,Google,956.72,2024-12-0
ORD2010,,C84570,Printer,4,30.05,301 Main St,Online,Returned,TRK12551,6,NoCoupon,Facebook,120.2,2024-12-0
ORD2010,,C91123,Laptop,4,300.56,842 Main St,Cash,Cancelled,TRK49568,9,FREESHIP,Facebook,1202.24,2025-04-2
ORD2010,,C92548,Tablet,5,226.45,160 Main St,Debit Card,Returned,TRK21682,6,FREESHIP,Email,1132.25,2024-02-0
ORD2010,,C97454,Printer,2,349.4,892 Main St,Online,Shipped,TRK73249,2,SAVE10,Instagram,698.8,2024-01-2
ORD2010,,C20257,Tablet,5,268.78,669 Main St,Debit Card,Delivered,TRK62135,7,WINTER15,Email,1343.9,2023-12-2
ORD2010,,C51694,Chair,2,680.85,953 Main St,Gift Card,Delivered,TRK83122,6,FREESHIP,Referral,1361.7,2024-08-2
ORD2010,,C77499,Laptop,3,182.48,209 Main St,Cash,Delivered,TRK20703,3,NoCoupon,Instagram,547.44,2023-07-0
ORD2010,,C28386,Desk,1,277.09,293 Main St,Cash,Returned,TRK32954,2,SAVE10,Referral,277.09,2024-04-0
ORD2010,,C50211,Tablet,2,26.5,312 Main St,Online,Delivered,TRK47787,3,SAVE10,Instagram,53.0,2024-04-2
ORD2010,,C74519,Phone,3,315.27,309 Main St,Credit Card,Cancelled,TRK97351,4,SAVE10,Email,945.81,2023-10-2
ORD2010,,C19071,Tablet,3,450.98,396 Main St,Credit Card,Shipped,TRK66537,8,SAVE10,Referral,1352.94,2025-02-2
ORD2010,,C65251,Laptop,5,233.67,291 Main St,Cash,Shipped,TRK32059,10,NoCoupon,Referral,1168.35,2024-09-2
ORD2010,,C90612,Chair,3,367.75,731 Main St,Cash,Pending,TRK93022,7,FREESHIP,Facebook,1103.25,2024-01-2
ORD2010,,C28406,Chair,1,23.53,174 Main St,Gift Card,Delivered,TRK98841,2,FREESHIP,Instagram,23.53,2025-05-1
ORD2010,,C55454,Monitor,1,677.48,807 Main St,Online,Delivered,TRK13281,1,WINTER15,Facebook,677.48,2023-05-0
ORD2010,,C93467,Laptop,4,554.83,983 Main St,Cash,Returned,TRK77377,6,NoCoupon,Google,2219.32,2024-05-2
ORD2010,,C60042,Desk,4,440.31,610 Main St,Cash,Cancelled,TRK84651,6,NoCoupon,Instagram,1761.24,2023-02-1
ORD2010,,C44733,Desk,1,87.06,851 Main St,Credit Card,Shipped,TRK41500,4,FREESHIP,Email,87.06,2025-03-0
ORD2010,,C61773,Phone,4,245.28,176 Main St,Credit Card,Delivered,TRK12936,6,WINTER15,Email,981.12,2023-10-0
ORD2010,,C59183,Phone,5,664.51,136 Main St,Debit Card,Pending,TRK18129,8,SAVE10,Email,3322.55,2023-02-2
ORD2010,,C26188,Chair,1,618.68,990 Main St,Online,Delivered,TRK61634,6,WINTER15,Referral,618.68,2023-04-2
ORD2010,,C20338,Monitor,1,370.85,331 Main St,Gift Card,Delivered,TRK30654,2,FREESHIP,Referral,370.85,2024-12-2
ORD2010,,C84524,Printer,4,517.98,766 Main St,Cash,Cancelled,TRK76751,8,FREESHIP,Facebook,2071.92,2024-06-1
ORD2010,,C70315,Laptop,4,506.11,911 Main St,Cash,Cancelled,TRK97732,5,NoCoupon,Referral,2024.44,2023-11-1
ORD2010,,C98278,Phone,3,413.83,552 Main St,Gift Card,Shipped,TRK49684,8,SAVE10,Facebook,1241.49,2024-05-3
ORD2010,,C32347,Printer,1,249.81,408 Main St,Cash,Pending,TRK54073,1,SAVE10,Google,249.81,2023-12-1
ORD2010,,C77961,Tablet,3,362.53,422 Main St,Debit Card,Returned,TRK28969,5,NoCoupon,Facebook,1087.59,2025-03-1
ORD2010,,C49137,Desk,2,299.23,177 Main St,Credit Card,Cancelled,TRK79362,2,WINTER15,Instagram,598.46,2025-06-2
ORD20104,,C13169,Tablet,1,536.07,932 Main St,Debit Card,Delivered,TRK66288,5,FREESHIP,Google,536.07,2023-11-1
ORD20104,,C21167,Monitor,4,558.9,948 Main St,Gift Card,Shipped,TRK97737,9,WINTER15,Google,2235.6,2023-02-1
ORD20104,,C59724,Tablet,2,409.75,414 Main St,Debit Card,Shipped,TRK67878,2,WINTER15,Facebook,819.5,2024-12-0
ORD20104,,C43965,Tablet,2,179.96,675 Main St,Gift Card,Shipped,TRK94346,5,NoCoupon,Instagram,359.92,2025-01-1
ORD20104,,C63018,Printer,1,38.49,215 Main St,Credit Card,Delivered,TRK52335,4,FREESHIP,Referral,38.49,2025-06-2
ORD20104,,C11893,Laptop,5,316.4,671 Main St,Gift Card,Returned,TRK72012,7,NoCoupon,Email,1582.0,2024-09-2
ORD20104,,C85421,Tablet,3,547.15,466 Main St,Online,Shipped,TRK16524,4,WINTER15,Instagram,1641.45,2024-10-0
ORD20104,,C81726,Chair,4,540.34,394 Main St,Gift Card,Shipped,TRK69872,6,WINTER15,Referral,2161.36,2023-06-2
ORD20104,,C57601,Monitor,4,73.65,889 Main St,Debit Card,Shipped,TRK21153,9,NoCoupon,Google,294.6,2024-09-0
ORD20104,,C60575,Desk,5,391.86,587 Main St,Credit Card,Shipped,TRK44468,6,NoCoupon,Instagram,1959.3,2024-07-1
ORD2010,,C70659,Laptop,5,69.7,722 Main St,Online,Returned,TRK49663,9,NoCoupon,Instagram,348.5,2023-08-2
ORD2010,,C35043,Monitor,5,26.43,820 Main St,Gift Card,Shipped,TRK65097,5,FREESHIP,Facebook,132.15,2025-03-0
ORD2010,,C12301,Tablet,1,531.74,493 Main St,Online,Shipped,TRK25145,1,WINTER15,Google,531.74,2023-09-1
ORD2010,,C32798,Phone,2,496.62,679 Main St,Online,Pending,TRK37375,2,SAVE10,Instagram,993.24,2024-09-1
ORD2010,,C42949,Printer,1,660.66,447 Main St,Debit Card,Delivered,TRK46415,3,WINTER15,Instagram,660.66,2023-11-2
ORD2010,,C10787,Monitor,4,274.82,932 Main St,Debit Card,Delivered,TRK91512,9,WINTER15,Email,1099.28,2023-10-2
ORD2010,,C26152,Phone,2,486.35,790 Main St,Online,Pending,TRK49382,6,SAVE10,Referral,972.7,2024-06-1
ORD2010,,C46210,Laptop,3,428.88,535 Main St,Debit Card,Shipped,TRK81611,3,WINTER15,Facebook,1286.64,2024-09-2
ORD2010,,C32943,Desk,2,412.14,127 Main St,Credit Card,Returned,TRK26949,2,FREESHIP,Instagram,824.28,2023-09-0
ORD2010,,C73629,Desk,1,265.64,601 Main St,Credit Card,Returned,TRK11492,3,WINTER15,Instagram,265.64,2024-09-2
ORD2010,,C38024,Tablet,2,273.43,824 Main St,Cash,Shipped,TRK93370,7,WINTER15,Referral,546.86,2024-05-0
ORD2010,,C25445,Laptop,5,131.7,830 Main St,Cash,Shipped,TRK12402,8,FREESHIP,Google,658.5,2025-01-2
ORD2010,,C13501,Chair,5,85.52,301 Main St,Gift Card,Cancelled,TRK65149,5,NoCoupon,Facebook,427.6,2023-08-2
ORD2010,,C42108,Desk,2,320.68,336 Main St,Credit Card,Shipped,TRK58407,5,FREESHIP,Referral,641.36,2024-06-1
ORD2010,,C32121,Laptop,4,198.81,654 Main St,Cash,Returned,TRK96074,9,FREESHIP,Referral,795.24,2025-02-1
ORD2010,,C47778,Printer,5,666.8,488 Main St,Debit Card,Delivered,TRK79504,7,SAVE10,Referral,3334.0,2023-10-3
ORD2010,,C10791,Desk,1,355.09,674 Main St,Debit Card,Cancelled,TRK20321,5,SAVE10,Instagram,355.09,2023-12-2
ORD2010,,C78959,Phone,2,316.2,384 Main St,Online,Returned,TRK37426,2,NoCoupon,Instagram,632.4,2023-06-0
ORD2010,,C29914,Laptop,1,133.39,469 Main St,Debit Card,Shipped,TRK22073,2,SAVE10,Referral,133.39,2024-08-0
ORD2010,,C70506,Monitor,1,454.23,255 Main St,Gift Card,Returned,TRK12518,3,NoCoupon,Facebook,454.23,2023-02-2
ORD2010,,C46873,Desk,4,491.29,496 Main St,Debit Card,Pending,TRK10926,6,NoCoupon,Email,1965.16,2024-09-0
ORD2010,,C94037,Phone,2,255.14,216 Main St,Cash,Shipped,TRK47536,2,NoCoupon,Google,510.28,2025-06-2
ORD2010,,C88644,Monitor,1,392.61,977 Main St,Gift Card,Cancelled,TRK14900,4,SAVE10,Referral,392.61,2023-02-2
ORD2010,,C69471,Tablet,4,362.06,294 Main St,Debit Card,Returned,TRK11107,4,NoCoupon,Facebook,1448.24,2024-10-1
ORD2010,,C21437,Phone,1,222.73,120 Main St,Online,Returned,TRK81624,4,NoCoupon,Google,222.73,2024-05-1
ORD2010,,C40949,Monitor,2,552.63,609 Main St,Debit Card,Delivered,TRK43066,7,WINTER15,Instagram,1105.26,2024-08-3
ORD2010,,C99116,Laptop,4,686.61,176 Main St,Cash,Shipped,TRK52711,6,NoCoupon,Referral,2746.44,2023-05-0
ORD2010,,C57861,Printer,3,305.16,115 Main St,Credit Card,Cancelled,TRK47775,8,SAVE10,Referral,915.48,2025-03-0
ORD2010,,C62627,Desk,1,41.09,881 Main St,Online,Returned,TRK90060,4,WINTER15,Email,41.09,2023-03-1
ORD2010,,C89979,Phone,5,634.0,144 Main St,Gift Card,Delivered,TRK99055,8,NoCoupon,Email,3170.0,2024-06-2
ORD20108,,C70613,Laptop,5,464.74,438 Main St,Gift Card,Delivered,TRK33140,7,NoCoupon,Referral,2323.7,2023-01-2
ORD20108,,C55636,Monitor,4,425.6,494 Main St,Credit Card,Pending,TRK85897,5,FREESHIP,Google,1702.4,2023-04-2
ORD20108,,C96595,Chair,3,573.22,177 Main St,Debit Card,Pending,TRK59779,5,SAVE10,Email,1719.66,2023-10-0
ORD20108,,C68508,Chair,1,123.28,895 Main St,Credit Card,Delivered,TRK98960,3,SAVE10,Email,123.28,2024-07-0
ORD20108,,C45175,Phone,1,70.82,128 Main St,Gift Card,Pending,TRK41792,1,WINTER15,Instagram,70.82,2023-01-0
ORD20108,,C28049,Printer,2,646.69,404 Main St,Debit Card,Shipped,TRK91426,7,WINTER15,Instagram,1293.38,2023-05-2
ORD20108,,C46967,Tablet,2,513.42,401 Main St,Online,Pending,TRK91439,5,WINTER15,Instagram,1026.84,2023-12-2
ORD20108,,C84134,Laptop,4,693.07,530 Main St,Online,Shipped,TRK48659,8,SAVE10,Instagram,2772.28,2025-03-2
ORD20108,,C49831,Desk,3,491.43,213 Main St,Gift Card,Shipped,TRK21232,6,WINTER15,Instagram,1474.29,2023-11-3
ORD20108,,C13324,Tablet,2,599.74,440 Main St,Gift Card,Shipped,TRK66967,2,NoCoupon,Instagram,1199.48,2025-03-1
ORD20109,,C61225,Monitor,2,650.25,996 Main St,Gift Card,Returned,TRK37022,6,NoCoupon,Instagram,1300.5,2023-02-2
ORD20109,,C16400,Laptop,3,209.48,123 Main St,Debit Card,Pending,TRK57771,4,NoCoupon,Email,628.44,2024-10-0
ORD20109,,C38642,Laptop,5,209.2,930 Main St,Debit Card,Delivered,TRK47744,6,WINTER15,Email,1046.0,2023-08-2
ORD20109,,C86773,Phone,4,197.36,557 Main St,Gift Card,Returned,TRK22612,9,FREESHIP,Instagram,789.44,2023-06-0
ORD20109,,C66093,Printer,4,648.91,615 Main St,Credit Card,Shipped,TRK54950,6,SAVE10,Instagram,2595.64,2023-06-2
ORD20109,,C33051,Phone,2,441.54,397 Main St,Online,Delivered,TRK92929,2,SAVE10,Email,883.08,2024-04-2
ORD20109,,C18169,Tablet,2,464.92,782 Main St,Debit Card,Returned,TRK49482,2,NoCoupon,Facebook,929.84,2025-05-0
ORD20109,,C81370,Monitor,5,506.45,344 Main St,Gift Card,Shipped,TRK99682,7,WINTER15,Google,2532.25,2024-12-2
ORD20109,,C91103,Monitor,4,255.86,155 Main St,Credit Card,Delivered,TRK91653,7,NoCoupon,Email,1023.44,2023-06-1
ORD20109,,C21953,Laptop,2,125.23,272 Main St,Cash,Cancelled,TRK60774,3,FREESHIP,Email,250.46,2024-09-1
ORD20110,,C15146,Laptop,5,38.11,428 Main St,Debit Card,Cancelled,TRK79790,6,WINTER15,Instagram,190.55,2023-08-1
ORD20110,,C43546,Monitor,3,161.97,904 Main St,Cash,Pending,TRK85871,4,SAVE10,Email,485.91,2025-06-0
ORD20110,,C98474,Chair,4,347.17,997 Main St,Debit Card,Shipped,TRK86192,8,NoCoupon,Instagram,1388.68,2024-06-0
ORD20110,,C90292,Laptop,4,276.32,129 Main St,Online,Delivered,TRK26270,5,NoCoupon,Google,1105.28,2023-04-2
ORD20110,,C17075,Tablet,4,314.76,850 Main St,Online,Shipped,TRK63547,8,NoCoupon,Instagram,1259.04,2024-07-2
ORD20110,,C12487,Tablet,3,475.69,884 Main St,Gift Card,Cancelled,TRK23324,3,FREESHIP,Google,1427.07,2024-01-0
ORD20110,,C34555,Chair,1,372.8,903 Main St,Cash,Cancelled,TRK72859,6,SAVE10,Facebook,372.8,2023-03-1
ORD20110,,C25110,Tablet,2,63.21,282 Main St,Online,Cancelled,TRK80963,4,SAVE10,Google,126.42,2025-06-3
ORD20110,,C35136,Laptop,1,634.94,462 Main St,Online,Cancelled,TRK49753,5,WINTER15,Instagram,634.94,2023-03-2
ORD20110,,C62277,Printer,4,77.47,474 Main St,Gift Card,Returned,TRK32026,7,SAVE10,Instagram,309.88,2024-04-0
ORD2011,,C12472,Chair,3,84.31,912 Main St,Credit Card,Shipped,TRK36103,3,SAVE10,Email,252.93,2024-02-2
ORD2011,,C24047,Monitor,4,234.45,362 Main St,Online,Cancelled,TRK91338,9,FREESHIP,Instagram,937.8,2023-05-0
ORD2011,,C76929,Desk,1,356.81,563 Main St,Online,Delivered,TRK80694,1,WINTER15,Instagram,356.81,2023-10-1
ORD2011,,C52914,Desk,4,209.99,168 Main St,Cash,Delivered,TRK80819,8,NoCoupon,Google,839.96,2023-03-1
ORD2011,,C55164,Tablet,3,659.88,609 Main St,Gift Card,Cancelled,TRK79610,3,NoCoupon,Google,1979.64,2023-03-1
ORD2011,,C70426,Laptop,2,336.32,562 Main St,Online,Returned,TRK89687,3,NoCoupon,Google,672.64,2025-06-2
ORD2011,,C69149,Printer,2,531.49,562 Main St,Credit Card,Delivered,TRK61265,7,WINTER15,Facebook,1062.98,2023-10-1
ORD2011,,C78684,Chair,3,588.44,858 Main St,Gift Card,Shipped,TRK95779,8,WINTER15,Google,1765.32,2024-05-2
ORD2011,,C58168,Phone,3,251.48,359 Main St,Credit Card,Returned,TRK99102,4,NoCoupon,Email,754.44,2024-05-2
ORD2011,,C99024,Laptop,1,684.65,250 Main St,Credit Card,Delivered,TRK24675,1,FREESHIP,Email,684.65,2024-11-2
ORD2011,,C22919,Tablet,1,195.86,267 Main St,Online,Pending,TRK82416,3,NoCoupon,Facebook,195.86,2025-05-1
ORD2011,,C98354,Phone,3,50.34,393 Main St,Gift Card,Returned,TRK43070,3,FREESHIP,Instagram,151.02,2023-05-2
ORD2011,,C38840,Monitor,5,678.19,766 Main St,Online,Returned,TRK32496,8,NoCoupon,Facebook,3390.95,2023-06-0
ORD2011,,C68936,Tablet,3,554.25,843 Main St,Debit Card,Shipped,TRK73163,6,WINTER15,Referral,1662.75,2023-04-1
ORD2011,,C33744,Chair,4,576.87,888 Main St,Gift Card,Returned,TRK40245,5,NoCoupon,Instagram,2307.48,2023-05-0
ORD2011,,C23555,Desk,4,408.36,156 Main St,Gift Card,Cancelled,TRK67210,4,FREESHIP,Referral,1633.44,2023-10-1
ORD2011,,C34337,Phone,5,190.11,325 Main St,Cash,Delivered,TRK36195,7,SAVE10,Google,950.55,2024-07-2
ORD2011,,C69396,Printer,3,602.75,920 Main St,Credit Card,Shipped,TRK33155,6,SAVE10,Email,1808.25,2025-03-1
ORD2011,,C49198,Monitor,3,646.79,447 Main St,Cash,Cancelled,TRK10883,5,WINTER15,Google,1940.37,2023-08-1
ORD2011,,C43911,Chair,4,418.71,239 Main St,Cash,Pending,TRK37495,8,FREESHIP,Instagram,1674.84,2023-06-1
ORD2011,,C24347,Laptop,2,323.45,533 Main St,Credit Card,Returned,TRK27233,5,FREESHIP,Instagram,646.9,2025-02-1
ORD2011,,C21043,Phone,1,694.5,195 Main St,Credit Card,Pending,TRK41691,3,WINTER15,Facebook,694.5,2024-07-1
ORD2011,,C58858,Chair,2,337.32,948 Main St,Credit Card,Cancelled,TRK30406,4,SAVE10,Email,674.64,2024-12-0
ORD2011,,C20670,Printer,2,467.91,432 Main St,Gift Card,Returned,TRK76731,5,WINTER15,Facebook,935.82,2024-04-0
ORD2011,,C90993,Desk,4,38.28,950 Main St,Debit Card,Cancelled,TRK53964,4,WINTER15,Facebook,153.12,2024-06-0
ORD2011,,C11473,Printer,2,73.41,562 Main St,Online,Shipped,TRK97793,2,SAVE10,Google,146.82,2023-12-2
ORD2011,,C71899,Tablet,3,668.33,799 Main St,Gift Card,Pending,TRK34856,4,WINTER15,Facebook,2004.99,2023-09-2
ORD2011,,C48577,Printer,4,410.21,841 Main St,Cash,Pending,TRK59911,5,WINTER15,Instagram,1640.84,2024-07-2
ORD2011,,C13100,Desk,4,294.41,188 Main St,Debit Card,Pending,TRK55565,4,NoCoupon,Instagram,1177.64,2023-12-1
ORD2011,,C70659,Chair,3,501.82,568 Main St,Gift Card,Cancelled,TRK28290,4,FREESHIP,Email,1505.46,2025-03-0
ORD20114,,C49838,Printer,2,552.83,904 Main St,Credit Card,Cancelled,TRK38297,3,NoCoupon,Referral,1105.66,2024-06-2
ORD20114,,C11998,Chair,3,498.66,382 Main St,Cash,Cancelled,TRK26707,6,NoCoupon,Email,1495.98,2025-02-1
ORD20114,,C23405,Phone,4,695.1,484 Main St,Debit Card,Returned,TRK83678,8,NoCoupon,Email,2780.4,2024-08-2
ORD20114,,C41132,Chair,1,381.61,114 Main St,Debit Card,Pending,TRK51040,5,NoCoupon,Email,381.61,2023-04-0
ORD20114,,C88463,Desk,5,507.94,292 Main St,Online,Cancelled,TRK88749,9,NoCoupon,Facebook,2539.7,2023-02-1
ORD20114,,C28152,Desk,3,571.53,821 Main St,Debit Card,Delivered,TRK59642,6,FREESHIP,Facebook,1714.59,2025-05-1
ORD20114,,C36383,Monitor,5,421.44,286 Main St,Cash,Pending,TRK93336,5,SAVE10,Instagram,2107.2,2024-10-0
ORD20114,,C19759,Chair,2,588.3,234 Main St,Online,Pending,TRK22515,2,FREESHIP,Email,1176.6,2025-01-0
ORD20114,,C54886,Phone,1,355.15,442 Main St,Cash,Returned,TRK66241,2,SAVE10,Email,355.15,2024-06-2
ORD20114,,C27305,Chair,2,695.29,957 Main St,Credit Card,Pending,TRK28789,6,FREESHIP,Instagram,1390.58,2024-07-2
ORD2011,,C17921,Desk,4,302.65,119 Main St,Credit Card,Cancelled,TRK79291,8,SAVE10,Referral,1210.6,2023-02-2
ORD2011,,C94381,Chair,2,608.04,962 Main St,Cash,Cancelled,TRK69804,4,NoCoupon,Google,1216.08,2023-01-2
ORD2011,,C25162,Tablet,2,344.18,533 Main St,Credit Card,Shipped,TRK42183,7,NoCoupon,Referral,688.36,2023-11-0
ORD2011,,C98317,Monitor,4,696.71,276 Main St,Debit Card,Shipped,TRK37172,4,NoCoupon,Instagram,2786.84,2024-12-1
ORD2011,,C53631,Monitor,3,198.63,593 Main St,Cash,Pending,TRK67589,8,SAVE10,Instagram,595.89,2025-06-1
ORD2011,,C41478,Printer,4,534.57,667 Main St,Credit Card,Delivered,TRK62068,6,FREESHIP,Facebook,2138.28,2023-08-1
ORD2011,,C20512,Laptop,4,690.78,980 Main St,Credit Card,Shipped,TRK98234,9,NoCoupon,Referral,2763.12,2023-07-1
ORD2011,,C25841,Monitor,3,301.55,242 Main St,Debit Card,Delivered,TRK21451,5,FREESHIP,Google,904.65,2024-05-2
ORD2011,,C82781,Monitor,4,27.42,661 Main St,Debit Card,Pending,TRK20605,4,SAVE10,Referral,109.68,2023-04-2
ORD2011,,C66112,Desk,4,466.7,874 Main St,Debit Card,Returned,TRK60955,8,NoCoupon,Instagram,1866.8,2024-02-2
ORD2011,,C40466,Desk,1,541.64,449 Main St,Debit Card,Shipped,TRK70255,5,SAVE10,Email,541.64,2024-09-0
ORD2011,,C32570,Phone,1,11.39,826 Main St,Cash,Cancelled,TRK35969,6,WINTER15,Email,11.39,2023-10-1
ORD2011,,C29405,Phone,2,224.37,251 Main St,Debit Card,Delivered,TRK33125,3,WINTER15,Referral,448.74,2025-03-1
ORD2011,,C30643,Laptop,3,306.29,966 Main St,Credit Card,Returned,TRK19477,7,WINTER15,Instagram,918.87,2024-06-1
ORD2011,,C65890,Tablet,5,315.57,340 Main St,Debit Card,Delivered,TRK64530,6,WINTER15,Email,1577.85,2024-01-0
ORD2011,,C36992,Chair,3,223.79,617 Main St,Debit Card,Pending,TRK63460,3,NoCoupon,Google,671.37,2023-07-1
ORD2011,,C95568,Chair,3,324.47,971 Main St,Cash,Delivered,TRK37075,4,WINTER15,Email,973.41,2023-07-3
ORD2011,,C17966,Printer,2,92.87,360 Main St,Credit Card,Pending,TRK31169,5,FREESHIP,Facebook,185.74,2023-10-1
ORD2011,,C89559,Laptop,2,331.42,297 Main St,Credit Card,Delivered,TRK82838,6,WINTER15,Google,662.84,2023-04-0
ORD2011,,C15849,Chair,1,525.43,643 Main St,Cash,Cancelled,TRK26794,2,SAVE10,Instagram,525.43,2024-12-2
ORD2011,,C94257,Printer,2,697.19,762 Main St,Cash,Returned,TRK40220,7,FREESHIP,Email,1394.38,2023-08-0
ORD2011,,C39911,Phone,4,518.4,699 Main St,Credit Card,Delivered,TRK80431,7,SAVE10,Facebook,2073.6,2023-08-2
ORD2011,,C28828,Desk,3,131.96,745 Main St,Credit Card,Pending,TRK32550,8,NoCoupon,Instagram,395.88,2025-02-0
ORD2011,,C82921,Monitor,1,208.36,703 Main St,Online,Shipped,TRK31079,4,FREESHIP,Email,208.36,2024-10-0
ORD2011,,C50159,Printer,3,222.34,105 Main St,Credit Card,Returned,TRK53737,5,WINTER15,Email,667.02,2023-11-2
ORD2011,,C62512,Printer,3,91.74,368 Main St,Debit Card,Returned,TRK24139,8,FREESHIP,Referral,275.22,2024-09-1
ORD2011,,C39260,Tablet,2,213.83,374 Main St,Debit Card,Cancelled,TRK55587,2,WINTER15,Email,427.66,2023-08-1
ORD2011,,C23917,Printer,1,127.55,433 Main St,Cash,Shipped,TRK44434,3,SAVE10,Referral,127.55,2023-04-2
ORD2011,,C65107,Monitor,1,70.24,456 Main St,Credit Card,Cancelled,TRK10261,4,FREESHIP,Google,70.24,2024-09-0
ORD2011,,C84630,Laptop,5,518.55,907 Main St,Credit Card,Cancelled,TRK48054,6,WINTER15,Instagram,2592.75,2023-01-0
ORD20118,,C42235,Chair,4,298.36,722 Main St,Debit Card,Pending,TRK49379,8,FREESHIP,Google,1193.44,2023-10-3
ORD20118,,C70246,Desk,3,158.74,293 Main St,Online,Pending,TRK45708,7,FREESHIP,Instagram,476.22,2023-07-2
ORD20118,,C18473,Chair,2,420.29,700 Main St,Gift Card,Returned,TRK97834,3,SAVE10,Google,840.58,2025-06-1
ORD20118,,C12607,Desk,1,281.52,460 Main St,Gift Card,Shipped,TRK83653,6,WINTER15,Referral,281.52,2023-04-0
ORD20118,,C10222,Laptop,1,204.08,979 Main St,Gift Card,Returned,TRK86297,4,NoCoupon,Google,204.08,2023-09-2
ORD20118,,C77344,Chair,1,343.31,777 Main St,Gift Card,Returned,TRK20605,6,SAVE10,Google,343.31,2024-07-0
ORD20118,,C65497,Monitor,1,163.32,676 Main St,Cash,Shipped,TRK83702,6,WINTER15,Facebook,163.32,2023-11-1
ORD20118,,C26340,Desk,2,184.6,562 Main St,Gift Card,Delivered,TRK59962,7,WINTER15,Email,369.2,2024-03-1
ORD20118,,C75619,Printer,2,371.29,924 Main St,Gift Card,Shipped,TRK23086,5,WINTER15,Facebook,742.58,2023-10-0
ORD20118,,C96136,Tablet,5,389.22,149 Main St,Cash,Cancelled,TRK60856,7,NoCoupon,Referral,1946.1,2024-08-1
ORD20119,,C46886,Desk,3,616.39,754 Main St,Credit Card,Shipped,TRK82791,6,FREESHIP,Instagram,1849.17,2025-06-0
ORD20119,,C44148,Desk,4,376.43,809 Main St,Gift Card,Pending,TRK67872,5,WINTER15,Instagram,1505.72,2025-02-1
ORD20119,,C72007,Chair,3,432.85,999 Main St,Online,Pending,TRK16240,4,NoCoupon,Instagram,1298.55,2024-02-2
ORD20119,,C45104,Tablet,1,687.89,348 Main St,Cash,Returned,TRK38559,1,FREESHIP,Email,687.89,2025-06-1
ORD20119,,C29885,Printer,3,189.44,725 Main St,Cash,Pending,TRK62067,4,FREESHIP,Email,568.32,2023-11-1
ORD20119,,C21126,Desk,1,107.04,392 Main St,Credit Card,Cancelled,TRK38009,6,FREESHIP,Google,107.04,2024-06-2
ORD20119,,C20095,Monitor,2,662.53,778 Main St,Online,Cancelled,TRK69207,5,NoCoupon,Facebook,1325.06,2024-03-0
ORD20119,,C79674,Tablet,2,436.84,275 Main St,Online,Delivered,TRK88039,2,FREESHIP,Instagram,873.68,2023-07-1
ORD20119,,C64753,Chair,4,262.52,509 Main St,Debit Card,Cancelled,TRK71683,4,WINTER15,Instagram,1050.08,2024-08-2
ORD20119,,C57502,Tablet,4,560.58,201 Main St,Gift Card,Returned,TRK51116,6,SAVE10,Referral,2242.32,2023-06-1
