OrderID,Date,CustomerID,Product,Quantity,UnitPrice,ShippingAddress,PaymentMethod,OrderStatus,TrackingNumber,ItemsInCart,CouponCode,ReferralSource,TotalPrice
ORD20000,2023-01-0,C72649,Monitor,5,570.62,928,Debit Card,Shipped,TRK37947,7,SAVE10,Instagram,2853.1
ORD20000,2024-08-2,C75739,Phone,2,151.35,823,Online,Shipped,TRK91186,3,SAVE10,Referral,302.7
ORD20000,2024-02-2,C81728,Tablet,5,550.68,512,Credit Car ,Cancelled,TRK42903,8,FREESHIP,Email,2753.4
ORD20000,2023-10-1,C33540,Chair,1,273.19,275,Debit Card,Returned,TRK62788,5,SAVE10,Facebook,273.19
ORD20000,2025-05-0,C81840,Printer,4,626.01,668,Online,Delivered,TRK29241,8,SAVE10,Email,2504.04
ORD20000,2023-10-2,C37249,Phone,2,245.86,934,Credit Car ,Shipped,TRK72976,4,SAVE10,Instagram,491.72
ORD20000,2025-06-1,C83492,Laptop,1,664.42,986,Gift Card,Returned,TRK96417,6,SAVE10,Facebook,664.42
ORD20000,2023-05-1,C41460,Monitor,5,149.55,706,Cash,Shipped,TRK78809,9,FREESHIP,Facebook,747.75
ORD20000,2025-04-0,C26817,Phone,2,134.28,904,Gift Card,Cancelled,TRK61042,2,,Email,268.56
ORD20000,2023-11-2,C31946,Desk,4,509.38,102,Credit Car ,Shipped,TRK33478,6,SAVE10,Google,2037.52
ORD2000,2023-12-2,C43443,Tablet,5,625.97,333,Credit Car ,Returned,TRK98859,9,WINTER15,Instagram,3129.85
ORD2000,2024-02-1,C93861,Monitor,3,49.14,831,Online,Returned,TRK48234,7,SAVE10,Email,147.42
ORD2000,2024-10-1,C38785,Monitor,2,180.5,179,Debit Card,Pending,TRK20419,6,FREESHIP,Referral,361
ORD2000,2023-08-3,C88348,Laptop,3,201.49,903,Credit Car ,Returned,TRK81913,4,FREESHIP,Facebook,604.47
ORD2000,2023-03-2,C98474,Tablet,2,393.33,980,Debit Card,Pending,TRK79186,3,SAVE10,Instagram,786.66
ORD2000,2023-07-1,C39416,Printer,1,473.96,942,Cash,Delivered,TRK54930,3,,Google,473.96
ORD2000,2023-01-2,C28976,Printer,2,533.81,914,Credit Car ,Pending,TRK13194,3,FREESHIP,Email,1067.62
ORD2000,2024-03-0,C60672,Tablet,1,423.4,382,Debit Card,Shipped,TRK11972,3,,Referral,423.4
ORD2000,2025-03-2,C84329,Desk,1,431.44,891,Gift Card,Pending,TRK65191,3,SAVE10,Facebook,431.44
ORD2000,2023-01-2,C14552,Monitor,5,224,273,Cash,Returned,TRK59101,9,SAVE10,Google,1120
ORD2000,2023-05-0,C54829,Chair,5,62.51,587,Cash,Pending,TRK16718,9,WINTER15,Instagram,312.55
ORD2000,2024-11-1,C99023,Monitor,4,342.95,569,Cash,Delivered,TRK52646,6,,Google,1371.8
ORD2000,2023-01-2,C34416,Monitor,2,49.62,633,Online,Pending,TRK75937,2,SAVE10,Google,99.24
ORD2000,2025-04-0,C42372,Phone,4,273.25,755,Debit Card,Cancelled,TRK36168,5,FREESHIP,Referral,1093
ORD2000,2024-10-3,C17470,Laptop,2,230.95,956,Online,Delivered,TRK28775,3,WINTER15,Referral,461.9
ORD2000,2024-07-2,C42577,Monitor,1,399.98,709,Debit Card,Delivered,TRK69423,3,WINTER15,Email,399.98
ORD2000,2024-03-0,C21944,Laptop,5,59.55,296,Online,Delivered,TRK80276,6,,Referral,297.75
ORD2000,2024-02-2,C97593,Printer,1,472.74,881,Online,Shipped,TRK89117,6,WINTER15,Google,472.74
ORD2000,2023-11-2,C59823,Phone,4,160.07,568,Online,Pending,TRK65895,5,,Email,640.28
ORD2000,2024-09-2,C33260,Desk,3,423.53,930,Credit Car ,Delivered,TRK59744,6,SAVE10,Referral,1270.59
ORD2000,2025-03-2,C44267,Monitor,2,426.7,895,Online,Pending,TRK54751,5,SAVE10,Referral,853.4
ORD2000,2023-06-3,C26445,Chair,3,500.08,996,Debit Card,Returned,TRK31229,6,,Facebook,1500.24
ORD2000,2023-05-0,C12388,Tablet,5,536.72,830,Cash,Delivered,TRK99261,10,,Email,2683.6
ORD2000,2023-06-0,C52184,Chair,1,162.77,912,Online,Cancelled,TRK73312,4,WINTER15,Facebook,162.77
ORD2000,2023-01-0,C67195,Chair,4,576.52,926,Credit Car ,Pending,TRK55467,5,WINTER15,Facebook,2306.08
ORD2000,2024-12-0,C50304,Monitor,2,465.15,128,Online,Shipped,TRK46850,2,SAVE10,Facebook,930.3
ORD2000,2025-05-0,C59337,Laptop,2,534.43,465,Debit Card,Pending,TRK50961,5,,Facebook,1068.86
ORD2000,2024-10-1,C10054,Laptop,2,76.74,409,Cash,Returned,TRK94005,7,SAVE10,Instagram,153.48
ORD2000,2024-12-1,C15924,Laptop,1,245.89,549,Debit Card,Delivered,TRK14835,3,SAVE10,Google,245.89
ORD2000,2025-02-2,C96664,Printer,3,256.46,666,Credit Car ,Delivered,TRK85508,4,SAVE10,Referral,769.38
ORD20004,2023-08-2,C84766,Desk,2,344.02,267,Online,Delivered,TRK78967,4,FREESHIP,Instagram,688.04
ORD20004,2023-12-0,C20212,Monitor,3,611.45,657,Gift Card,Pending,TRK69733,4,FREESHIP,Instagram,1834.35
ORD20004,2024-05-0,C28712,Printer,2,151.66,980,Cash,Cancelled,TRK40772,6,,Instagram,303.32
ORD20004,2023-12-1,C60572,Chair,3,499.21,871,Online,Cancelled,TRK20351,8,,Instagram,1497.63
ORD20004,2025-04-2,C73225,Phone,2,550.18,996,Gift Card,Returned,TRK73848,3,FREESHIP,Referral,1100.36
ORD20004,2024-02-1,C17388,Chair,1,317.25,157,Debit Card,Returned,TRK47077,1,SAVE10,Facebook,317.25
ORD20004,2024-06-2,C43212,Monitor,4,550.14,223,Debit Card,Pending,TRK25100,4,FREESHIP,Instagram,2200.56
ORD20004,2023-07-1,C38134,Desk,2,209.94,323,Credit Car ,Returned,TRK42450,3,FREESHIP,Email,419.88
ORD20004,2023-08-2,C12408,Monitor,2,80.77,464,Debit Card,Shipped,TRK38938,4,,Google,161.54
ORD20004,2023-10-0,C11985,Printer,1,30.44,633,Credit Car ,Shipped,TRK53272,1,SAVE10,Email,30.44
ORD2000,2023-07-3,C96494,Tablet,1,179.22,446,Online,Cancelled,TRK14675,6,FREESHIP,Instagram,179.22
ORD2000,2024-12-3,C36778,Tablet,1,388.33,434,Cash,Returned,TRK67610,2,SAVE10,Facebook,388.33
ORD2000,2024-09-0,C30513,Tablet,1,586.44,232,Online,Returned,TRK64320,5,SAVE10,Facebook,586.44
ORD2000,2024-05-1,C67551,Phone,4,488.78,512,Online,Returned,TRK94992,5,FREESHIP,Google,1955.12
ORD2000,2025-03-2,C48120,Chair,1,280.25,623,Online,Pending,TRK11014,5,WINTER15,Email,280.25
ORD2000,2025-06-2,C95984,Printer,3,344.4,565,Online,Cancelled,TRK67434,3,,Facebook,1033.2
ORD2000,2023-05-2,C54298,Tablet,3,479.21,566,Cash,Cancelled,TRK62902,5,WINTER15,Referral,1437.63
ORD2000,2023-01-2,C88036,Printer,5,314.27,842,Cash,Returned,TRK52470,6,SAVE10,Instagram,1571.35
ORD2000,2023-01-1,C60190,Phone,4,474.69,202,Gift Card,Cancelled,TRK70857,6,SAVE10,Google,1898.76
ORD2000,2024-09-1,C97603,Chair,4,593.27,811,Online,Shipped,TRK47055,5,,Facebook,2373.08
ORD2000,2024-08-2,C39256,Desk,1,417.1,634,Debit Card,Returned,TRK23412,3,FREESHIP,Referral,417.1
ORD2000,2024-03-2,C61618,Desk,4,122.2,104,Cash,Delivered,TRK43458,7,FREESHIP,Facebook,488.8
ORD2000,2023-08-2,C36497,Desk,2,43.15,691,Debit Card,Pending,TRK12102,3,WINTER15,Email,86.3
ORD2000,2025-02-0,C96695,Chair,1,564.86,813,Debit Card,Shipped,TRK64283,6,WINTER15,Referral,564.86
ORD2000,2025-06-2,C49720,Printer,3,130.61,752,Debit Card,Cancelled,TRK55785,4,FREESHIP,Facebook,391.83
ORD2000,2023-12-3,C97735,Monitor,5,81.7,385,Credit Car ,Delivered,TRK13743,6,,Instagram,408.5
ORD2000,2024-11-1,C18104,Chair,5,127.18,715,Cash,Cancelled,TRK15488,9,SAVE10,Referral,635.9
ORD2000,2024-12-0,C25587,Printer,4,12.1,440,Debit Card,Cancelled,TRK55105,8,,Google,48.4
ORD2000,2023-12-1,C41598,Chair,3,490.92,709,Credit Car ,Pending,TRK81665,5,FREESHIP,Email,1472.76
ORD2000,2023-05-1,C43338,Monitor,3,478.65,552,Online,Shipped,TRK35241,4,,Referral,1435.95
ORD2000,2023-05-2,C25123,Desk,1,629.21,384,Gift Card,Pending,TRK27812,2,FREESHIP,Instagram,629.21
ORD2000,2025-06-1,C37454,Monitor,3,434.45,923,Credit Car ,Pending,TRK28252,4,,Referral,1303.35
ORD2000,2024-12-2,C19451,Tablet,4,589.44,942,Gift Card,Returned,TRK87787,5,,Facebook,2357.76
ORD2000,2023-05-0,C17269,Monitor,4,433.45,129,Gift Card,Cancelled,TRK79608,4,,Facebook,1733.8
ORD2000,2023-06-2,C25382,Phone,5,90.87,622,Cash,Pending,TRK64691,5,,Instagram,454.35
ORD2000,2023-09-2,C80651,Tablet,3,398.17,917,Debit Card,Delivered,TRK14846,5,SAVE10,Email,1194.51
ORD2000,2024-03-3,C58638,Laptop,4,382.88,239,Cash,Cancelled,TRK38224,6,WINTER15,Email,1531.52
ORD2000,2024-05-2,C50121,Phone,1,583.18,348,Credit Car ,Returned,TRK79810,5,,Google,583.18
ORD2000,2024-08-0,C32029,Printer,4,175.36,146,Debit Card,Delivered,TRK68535,4,FREESHIP,Instagram,701.44
ORD2000,2025-03-1,C76700,Tablet,2,311.91,103,Online,Shipped,TRK13036,2,,Facebook,623.82
ORD20008,2023-06-2,C29041,Phone,3,589.56,591,Online,Returned,TRK28840,6,,Facebook,1768.68
ORD20008,2023-06-0,C29314,Monitor,2,394.3,496,Cash,Shipped,TRK59876,6,FREESHIP,Email,788.6
ORD20008,2024-01-0,C65799,Tablet,4,565.2,971,Debit Card,Shipped,TRK66906,9,SAVE10,Google,2260.8
ORD20008,2023-08-2,C15681,Laptop,4,540.41,989,Credit Car ,Cancelled,TRK75112,6,,Referral,2161.64
ORD20008,2023-08-2,C64160,Monitor,2,165.49,967,Online,Shipped,TRK34121,4,WINTER15,Instagram,330.98
ORD20008,2024-09-0,C14553,Tablet,3,146.73,768,Cash,Delivered,TRK93538,8,FREESHIP,Email,440.19
ORD20008,2024-06-1,C88205,Printer,5,643.03,447,Online,Cancelled,TRK93504,5,FREESHIP,Referral,3215.15
ORD20008,2024-10-1,C91245,Tablet,3,225.11,915,Cash,Shipped,TRK46976,4,SAVE10,Facebook,675.33
ORD20008,2025-06-0,C75439,Desk,3,114.81,318,Gift Card,Cancelled,TRK19831,7,,Google,344.43
ORD20008,2025-02-2,C17181,Printer,5,455.33,291,Credit Car ,Cancelled,TRK78912,8,FREESHIP,Google,2276.65
ORD20009,2023-09-1,C36540,Chair,4,182.08,611,Gift Card,Delivered,TRK35828,4,SAVE10,Email,728.32
ORD20009,2023-03-1,C98216,Laptop,5,492.75,196,Cash,Shipped,TRK40986,6,WINTER15,Referral,2463.75
ORD20009,2024-06-1,C29568,Printer,4,48.61,203,Online,Shipped,TRK46531,7,FREESHIP,Facebook,194.44
ORD20009,2023-01-1,C97262,Desk,4,431.01,837,Credit Car ,Returned,TRK65990,7,,Referral,1724.04
ORD20009,2023-02-1,C79821,Chair,1,531.18,781,Gift Card,Returned,TRK12780,6,WINTER15,Instagram,531.18
ORD20009,2023-03-2,C76761,Printer,4,117.51,839,Debit Card,Returned,TRK60179,7,,Referral,470.04
ORD20009,2024-06-0,C93007,Phone,2,232.83,103,Gift Card,Delivered,TRK85696,7,,Instagram,465.66
ORD20009,2025-01-2,C15624,Tablet,5,619.52,922,Debit Card,Pending,TRK40621,9,,Email,3097.6
ORD20009,2023-01-1,C70921,Printer,2,228.54,533,Debit Card,Pending,TRK54983,3,,Email,457.08
ORD20009,2025-04-1,C30477,Printer,1,201.58,717,Debit Card,Cancelled,TRK51829,2,WINTER15,Email,201.58
ORD20010,2023-02-1,C74866,Phone,3,664.79,743,Online,Delivered,TRK53783,6,,Facebook,1994.37
ORD20010,2023-11-2,C15283,Printer,1,381.02,152,Cash,Shipped,TRK19286,6,,Google,381.02
ORD20010,2023-03-0,C18037,Laptop,2,70.34,944,Gift Card,Cancelled,TRK47362,3,FREESHIP,Email,140.68
ORD20010,2025-01-2,C62656,Phone,4,218.43,514,Credit Car ,Cancelled,TRK86296,9,SAVE10,Email,873.72
ORD20010,2024-07-3,C65744,Phone,1,582.04,647,Gift Card,Delivered,TRK39906,1,FREESHIP,Email,582.04
ORD20010,2024-10-2,C72290,Printer,3,185.4,810,Gift Card,Cancelled,TRK68792,7,,Facebook,556.2
ORD20010,2023-09-0,C73514,Desk,3,465.05,126,Credit Car ,Cancelled,TRK96777,3,SAVE10,Email,1395.15
ORD20010,2023-03-2,C16775,Printer,5,670.75,848,Gift Card,Shipped,TRK34392,8,FREESHIP,Instagram,3353.75
ORD20010,2024-12-2,C33099,Laptop,5,48.38,522,Gift Card,Delivered,TRK28522,9,WINTER15,Email,241.9
ORD20010,2023-09-1,C51157,Desk,3,592.87,131,Gift Card,Shipped,TRK18674,3,FREESHIP,Referral,1778.61
ORD2001,2024-04-2,C74562,Tablet,1,220.77,388,Gift Card,Pending,TRK32062,5,FREESHIP,Instagram,220.77
ORD2001,2025-05-0,C95271,Desk,3,309.22,620,Online,Cancelled,TRK74904,7,FREESHIP,Google,927.66
ORD2001,2023-01-0,C81366,Monitor,1,410.6,423,Online,Cancelled,TRK17062,2,WINTER15,Referral,410.6
ORD2001,2024-01-1,C65905,Laptop,5,190.08,605,Cash,Shipped,TRK73954,9,FREESHIP,Instagram,950.4
ORD2001,2025-01-2,C77272,Monitor,5,498.48,115,Online,Pending,TRK29708,8,SAVE10,Google,2492.4
ORD2001,2023-11-2,C32580,Phone,5,374.99,122,Online,Shipped,TRK23670,9,SAVE10,Facebook,1874.95
ORD2001,2023-03-1,C47761,Printer,4,291.35,109,Credit Car ,Cancelled,TRK66669,6,WINTER15,Facebook,1165.4
ORD2001,2023-03-0,C49187,Tablet,1,535.5,593,Gift Card,Cancelled,TRK81888,5,WINTER15,Referral,535.5
ORD2001,2023-10-0,C27898,Printer,5,502.71,807,Gift Card,Shipped,TRK61957,7,FREESHIP,Google,2513.55
ORD2001,2025-06-1,C14683,Desk,2,534.67,187,Debit Card,Shipped,TRK47373,7,FREESHIP,Referral,1069.34
ORD2001,2023-04-1,C58108,Tablet,4,629.34,986,Cash,Cancelled,TRK66218,4,WINTER15,Instagram,2517.36
ORD2001,2023-11-3,C89822,Desk,1,410.78,673,Cash,Cancelled,TRK24138,1,FREESHIP,Instagram,410.78
ORD2001,2024-04-1,C96787,Laptop,2,533.02,588,Gift Card,Shipped,TRK30422,2,,Facebook,1066.04
ORD2001,2023-07-0,C86064,Desk,3,278.04,727,Online,Delivered,TRK62182,5,,Instagram,834.12
ORD2001,2024-07-2,C97148,Printer,4,283.79,563,Online,Pending,TRK85321,8,,Google,1135.16
ORD2001,2024-11-0,C91099,Phone,2,512.65,758,Credit Car ,Shipped,TRK81846,5,SAVE10,Email,1025.3
ORD2001,2025-05-0,C55606,Desk,4,275.5,353,Gift Card,Shipped,TRK68250,8,FREESHIP,Google,1102
ORD2001,2023-08-1,C71486,Desk,3,469.32,365,Debit Card,Shipped,TRK73929,3,,Google,1407.96
ORD2001,2023-02-1,C86408,Tablet,4,21.07,244,Gift Card,Delivered,TRK41432,4,FREESHIP,Google,84.28
ORD2001,2023-10-2,C52751,Laptop,4,263.93,427,Debit Card,Shipped,TRK72481,4,FREESHIP,Facebook,1055.72
ORD2001,2025-01-2,C29059,Desk,3,501.3,513,Online,Cancelled,TRK88360,3,WINTER15,Facebook,1503.9
ORD2001,2023-01-0,C72862,Tablet,1,84.8,606,Gift Card,Pending,TRK51648,5,,Instagram,84.8
ORD2001,2023-03-2,C96257,Tablet,4,450.75,583,Credit Car ,Shipped,TRK13137,6,WINTER15,Email,1803
ORD2001,2025-06-2,C87432,Chair,4,302.05,636,Debit Card,Cancelled,TRK68969,6,SAVE10,Google,1208.2
ORD2001,2025-06-2,C16253,Laptop,2,199.7,583,Cash,Pending,TRK17354,4,,Email,399.4
ORD2001,2023-08-0,C79909,Printer,2,68.81,642,Gift Card,Shipped,TRK86742,5,SAVE10,Referral,137.62
ORD2001,2024-04-2,C73370,Laptop,1,44.35,595,Gift Card,Cancelled,TRK67820,1,SAVE10,Instagram,44.35
ORD2001,2024-11-2,C50682,Monitor,2,250.98,598,Credit Car ,Delivered,TRK12242,5,,Google,501.96
ORD2001,2023-12-2,C21905,Tablet,1,298.06,478,Debit Card,Pending,TRK31863,3,WINTER15,Google,298.06
ORD2001,2023-04-1,C61440,Phone,1,583.9,714,Cash,Returned,TRK33114,1,,Email,583.9
ORD20014,2025-05-3,C33110,Chair,3,528.14,388,Online,Delivered,TRK38624,3,FREESHIP,Email,1584.42
ORD20014,2023-11-1,C80004,Printer,3,684.14,151,Cash,Cancelled,TRK66230,3,WINTER15,Instagram,2052.42
ORD20014,2023-09-0,C86374,Desk,5,272.77,573,Cash,Pending,TRK79451,7,WINTER15,Email,1363.85
ORD20014,2024-06-1,C66521,Chair,4,400.07,933,Online,Shipped,TRK34654,5,,Referral,1600.28
ORD20014,2023-08-0,C63365,Desk,5,219.78,895,Credit Car ,Pending,TRK80100,8,,Facebook,1098.9
ORD20014,2024-03-0,C85929,Printer,3,146.91,798,Credit Car ,Delivered,TRK29318,6,FREESHIP,Google,440.73
ORD20014,2025-04-3,C84645,Tablet,2,411.49,404,Credit Car ,Returned,TRK68893,4,,Instagram,822.98
ORD20014,2025-05-0,C46316,Laptop,2,465.18,893,Credit Car ,Cancelled,TRK16196,2,SAVE10,Google,930.36
ORD20014,2024-12-1,C35100,Phone,2,319.91,139,Credit Car ,Cancelled,TRK56853,3,WINTER15,Google,639.82
ORD20014,2023-12-2,C39671,Laptop,1,217.56,174,Debit Card,Delivered,TRK47153,3,,Facebook,217.56
ORD2001,2023-12-1,C25503,Phone,2,105.57,981,Debit Card,Returned,TRK29878,5,WINTER15,Google,211.14
ORD2001,2023-12-0,C32960,Printer,5,444.76,947,Debit Card,Returned,TRK91226,7,,Email,2223.8
ORD2001,2025-01-0,C77736,Chair,2,399.04,659,Cash,Cancelled,TRK90329,3,FREESHIP,Referral,798.08
ORD2001,2024-12-1,C71570,Chair,4,534.48,437,Online,Returned,TRK95992,9,WINTER15,Instagram,2137.92
ORD2001,2023-07-2,C73587,Phone,4,408.21,727,Credit Car ,Pending,TRK13955,9,,Instagram,1632.84
ORD2001,2023-02-2,C62740,Phone,1,424.4,446,Online,Shipped,TRK20706,6,WINTER15,Referral,424.4
ORD2001,2024-11-0,C58808,Chair,2,269.83,651,Online,Delivered,TRK24451,4,SAVE10,Email,539.66
ORD2001,2025-02-2,C50422,Monitor,2,564.58,636,Online,Returned,TRK71227,4,WINTER15,Facebook,1129.16
ORD2001,2024-05-1,C23334,Tablet,1,331.06,737,Credit Car ,Pending,TRK46335,5,WINTER15,Instagram,331.06
ORD2001,2023-10-3,C48965,Printer,1,299.35,819,Credit Car ,Cancelled,TRK50921,5,WINTER15,Email,299.35
ORD2001,2023-02-1,C38669,Monitor,4,101.32,240,Cash,Pending,TRK81738,7,,Referral,405.28
ORD2001,2024-03-2,C35091,Monitor,1,211.14,513,Credit Car ,Cancelled,TRK53784,1,SAVE10,Facebook,211.14
ORD2001,2023-07-2,C82313,Chair,3,65.86,917,Online,Pending,TRK79854,8,WINTER15,Google,197.58
ORD2001,2025-06-2,C99589,Tablet,1,641.39,277,Online,Cancelled,TRK16695,1,,Referral,641.39
ORD2001,2023-12-2,C70566,Desk,5,536.58,667,Gift Card,Pending,TRK49673,5,SAVE10,Google,2682.9
ORD2001,2024-09-1,C60355,Monitor,2,500.29,226,Online,Returned,TRK30155,7,WINTER15,Google,1000.58
ORD2001,2025-03-0,C28889,Chair,3,86.29,565,Cash,Delivered,TRK23791,6,WINTER15,Instagram,258.87
ORD2001,2023-05-2,C88304,Chair,2,384.14,219,Online,Returned,TRK44268,2,WINTER15,Email,768.28
ORD2001,2025-01-0,C49517,Printer,1,594.96,878,Cash,Returned,TRK78551,6,,Facebook,594.96
ORD2001,2024-04-0,C35785,Printer,1,427.82,732,Online,Delivered,TRK78923,2,WINTER15,Email,427.82
ORD2001,2025-04-0,C80223,Desk,4,662.94,535,Cash,Cancelled,TRK68632,8,SAVE10,Instagram,2651.76
ORD2001,2023-08-1,C20448,Tablet,2,148.22,336,Credit Car ,Delivered,TRK67379,7,WINTER15,Instagram,296.44
ORD2001,2025-04-0,C34134,Printer,1,254.12,365,Online,Delivered,TRK43074,1,WINTER15,Email,254.12
ORD2001,2024-03-2,C95901,Phone,3,664.46,806,Online,Delivered,TRK56989,4,FREESHIP,Google,1993.38
ORD2001,2024-04-1,C51145,Printer,4,600.81,790,Debit Card,Delivered,TRK59154,9,SAVE10,Email,2403.24
ORD2001,2025-02-0,C78170,Chair,5,68.34,332,Debit Card,Pending,TRK71410,6,WINTER15,Referral,341.7
ORD2001,2025-06-2,C80151,Tablet,4,430.83,553,Gift Card,Pending,TRK88251,8,WINTER15,Referral,1723.32
ORD2001,2023-08-0,C55632,Chair,5,431.69,354,Credit Car ,Pending,TRK13003,10,,Facebook,2158.45
ORD2001,2024-04-1,C53070,Chair,4,512.06,283,Online,Delivered,TRK49791,5,SAVE10,Google,2048.24
ORD2001,2024-11-2,C27401,Laptop,3,539.91,500,Credit Car ,Delivered,TRK14332,8,,Email,1619.73
ORD20018,2023-03-1,C87216,Tablet,5,316.07,970,Cash,Returned,TRK18713,10,,Google,1580.35
ORD20018,2024-08-3,C38966,Printer,5,404.39,247,Online,Shipped,TRK17205,10,,Referral,2021.95
ORD20018,2025-03-1,C16612,Desk,1,600.54,596,Debit Card,Pending,TRK96188,4,WINTER15,Google,600.54
ORD20018,2024-04-1,C39246,Monitor,5,186.28,258,Debit Card,Delivered,TRK16658,8,SAVE10,Email,931.4
ORD20018,2024-04-0,C65180,Tablet,4,214.54,231,Gift Card,Cancelled,TRK39255,7,,Referral,858.16
ORD20018,2025-02-0,C46877,Laptop,1,210.7,572,Online,Shipped,TRK96935,2,WINTER15,Referral,210.7
ORD20018,2023-12-0,C30334,Phone,2,133.55,322,Cash,Pending,TRK66388,7,FREESHIP,Facebook,267.1
ORD20018,2023-02-0,C21227,Chair,1,590.87,689,Gift Card,Returned,TRK79129,6,FREESHIP,Referral,590.87
ORD20018,2025-03-1,C97715,Chair,2,363.91,927,Gift Card,Shipped,TRK19515,2,FREESHIP,Referral,727.82
ORD20018,2023-07-0,C48939,Printer,5,429.45,597,Gift Card,Cancelled,TRK62786,5,WINTER15,Email,2147.25
ORD20019,2024-08-3,C35483,Printer,3,223.7,725,Cash,Returned,TRK79638,3,SAVE10,Email,671.1
ORD20019,2025-03-0,C51494,Laptop,2,488.87,505,Online,Cancelled,TRK58520,4,FREESHIP,Google,977.74
ORD20019,2023-08-1,C58410,Desk,1,645.46,151,Gift Card,Cancelled,TRK19749,5,SAVE10,Google,645.46
ORD20019,2023-07-2,C11644,Printer,1,46.66,429,Cash,Cancelled,TRK81320,6,,Google,46.66
ORD20019,2024-06-0,C53501,Monitor,1,249.57,899,Cash,Shipped,TRK90144,3,FREESHIP,Google,249.57
ORD20019,2024-04-2,C63619,Chair,3,619.21,801,Debit Card,Cancelled,TRK65385,6,,Email,1857.63
ORD20019,2025-01-2,C40882,Desk,4,217.13,719,Cash,Delivered,TRK64165,8,WINTER15,Email,868.52
ORD20019,2023-08-2,C80135,Laptop,5,221.51,723,Cash,Returned,TRK95222,5,WINTER15,Referral,1107.55
ORD20019,2024-06-1,C37594,Laptop,4,340.3,926,Cash,Cancelled,TRK94405,8,SAVE10,Referral,1361.2
ORD20019,2025-01-2,C87524,Phone,1,625,358,Online,Returned,TRK21114,5,WINTER15,Google,625
ORD20020,2025-06-0,C97681,Tablet,5,433.26,895,Credit Car ,Delivered,TRK37531,9,SAVE10,Google,2166.3
ORD20020,2023-06-1,C10126,Monitor,2,674.9,146,Online,Shipped,TRK75607,4,SAVE10,Facebook,1349.8
ORD20020,2025-02-0,C36938,Monitor,3,253.98,636,Credit Car ,Cancelled,TRK52522,3,FREESHIP,Email,761.94
ORD20020,2025-01-2,C99173,Printer,3,356.84,172,Online,Shipped,TRK89849,5,SAVE10,Instagram,1070.52
ORD20020,2023-09-0,C99775,Laptop,4,413.71,478,Gift Card,Cancelled,TRK21638,9,FREESHIP,Facebook,1654.84
ORD20020,2023-03-0,C19266,Desk,3,147.39,609,Debit Card,Returned,TRK58357,3,,Email,442.17
ORD20020,2024-04-1,C31072,Laptop,4,229.1,729,Gift Card,Returned,TRK77172,8,WINTER15,Email,916.4
ORD20020,2025-03-1,C54595,Phone,1,121.96,999,Debit Card,Delivered,TRK44416,3,,Google,121.96
ORD20020,2024-10-0,C87777,Desk,2,408.32,597,Online,Shipped,TRK29003,3,FREESHIP,Facebook,816.64
ORD20020,2023-08-2,C35854,Tablet,5,187.97,706,Cash,Returned,TRK30615,9,SAVE10,Google,939.85
ORD2002,2024-12-0,C93821,Chair,3,358.48,513,Gift Card,Delivered,TRK10658,7,FREESHIP,Facebook,1075.44
ORD2002,2025-01-0,C54390,Printer,3,193.58,185,Gift Card,Pending,TRK83853,7,FREESHIP,Email,580.74
ORD2002,2023-06-2,C53215,Monitor,1,265.38,367,Credit Car ,Cancelled,TRK34751,6,WINTER15,Email,265.38
ORD2002,2023-04-2,C71122,Laptop,1,634.4,317,Cash,Cancelled,TRK54757,6,SAVE10,Email,634.4
ORD2002,2024-08-2,C29483,Desk,4,305.72,673,Online,Delivered,TRK89423,5,,Facebook,1222.88
ORD2002,2023-08-1,C26767,Printer,1,303.6,432,Cash,Shipped,TRK24585,5,FREESHIP,Facebook,303.6
ORD2002,2025-04-1,C70492,Monitor,4,496,811,Online,Cancelled,TRK84625,8,WINTER15,Google,1984
ORD2002,2024-05-2,C61549,Desk,4,321.51,908,Cash,Returned,TRK65596,9,,Google,1286.04
ORD2002,2023-04-2,C11665,Tablet,3,112.46,882,Gift Card,Shipped,TRK10993,6,SAVE10,Instagram,337.38
ORD2002,2025-05-0,C48946,Laptop,5,61.97,457,Cash,Delivered,TRK99387,6,SAVE10,Email,309.85
ORD2002,2023-07-1,C79506,Laptop,2,373.17,497,Credit Car ,Pending,TRK95188,6,SAVE10,Referral,746.34
ORD2002,2024-02-2,C93473,Tablet,5,639.37,552,Debit Card,Pending,TRK50003,6,SAVE10,Google,3196.85
ORD2002,2023-05-0,C43124,Chair,4,693.36,931,Online,Shipped,TRK17293,8,,Instagram,2773.44
ORD2002,2024-09-1,C22783,Phone,4,692.91,673,Credit Car ,Pending,TRK55009,9,SAVE10,Instagram,2771.64
ORD2002,2023-09-2,C18567,Printer,4,91.46,507,Cash,Cancelled,TRK17554,9,SAVE10,Referral,365.84
ORD2002,2024-03-1,C99879,Phone,3,273.96,692,Debit Card,Returned,TRK50246,8,SAVE10,Google,821.88
ORD2002,2025-06-2,C31501,Desk,3,588.05,242,Gift Card,Delivered,TRK93063,8,,Instagram,1764.15
ORD2002,2023-11-0,C93220,Monitor,2,365.17,353,Online,Cancelled,TRK89023,4,FREESHIP,Facebook,730.34
ORD2002,2023-05-1,C57867,Chair,4,385.92,579,Credit Car ,Cancelled,TRK92055,8,,Instagram,1543.68
ORD2002,2025-03-2,C62622,Tablet,1,562.61,762,Credit Car ,Delivered,TRK70997,3,WINTER15,Facebook,562.61
ORD2002,2023-12-1,C94595,Desk,4,61.91,948,Gift Card,Delivered,TRK24497,6,WINTER15,Email,247.64
ORD2002,2023-11-0,C30955,Phone,4,41.9,327,Gift Card,Pending,TRK46898,9,FREESHIP,Instagram,167.6
ORD2002,2023-05-1,C20731,Printer,4,444.44,610,Debit Card,Cancelled,TRK75568,8,WINTER15,Google,1777.76
ORD2002,2024-08-2,C30168,Phone,3,311.33,146,Cash,Cancelled,TRK73699,3,WINTER15,Instagram,933.99
ORD2002,2024-11-2,C79842,Printer,4,236.41,337,Debit Card,Pending,TRK26957,7,SAVE10,Google,945.64
ORD2002,2023-02-2,C32854,Desk,1,65.45,815,Cash,Pending,TRK30009,2,WINTER15,Google,65.45
ORD2002,2023-01-0,C14847,Monitor,1,318.81,562,Debit Card,Pending,TRK39663,3,WINTER15,Email,318.81
ORD2002,2024-03-1,C88645,Monitor,3,583.72,783,Credit Car ,Shipped,TRK74097,5,FREESHIP,Facebook,1751.16
ORD2002,2024-12-1,C66149,Desk,4,384.32,770,Credit Car ,Pending,TRK76307,6,WINTER15,Google,1537.28
ORD2002,2024-12-1,C20256,Tablet,3,538.74,456,Online,Shipped,TRK71127,6,FREESHIP,Email,1616.22
ORD20024,2023-07-1,C14983,Tablet,1,17.24,255,Online,Pending,TRK93444,2,FREESHIP,Instagram,17.24
ORD20024,2023-05-1,C20817,Chair,5,615.67,407,Online,Pending,TRK44164,6,SAVE10,Email,3078.35
ORD20024,2023-05-0,C94921,Printer,2,219.1,134,Online,Pending,TRK97794,4,SAVE10,Referral,438.2
ORD20024,2025-05-0,C54725,Chair,2,144.66,506,Online,Cancelled,TRK30601,7,FREESHIP,Google,289.32
ORD20024,2023-02-1,C98096,Desk,2,317.77,838,Debit Card,Cancelled,TRK51518,4,WINTER15,Facebook,635.54
ORD20024,2025-04-2,C12667,Laptop,1,223.3,306,Online,Returned,TRK25390,1,,Facebook,223.3
ORD20024,2024-08-3,C55354,Desk,2,342.11,164,Gift Card,Shipped,TRK15439,2,WINTER15,Instagram,684.22
ORD20024,2023-07-2,C14600,Printer,2,220.9,785,Gift Card,Shipped,TRK84984,4,,Email,441.8
ORD20024,2023-07-0,C97187,Laptop,1,670.54,471,Cash,Shipped,TRK62283,6,FREESHIP,Referral,670.54
ORD20024,2024-02-0,C39106,Printer,1,546.19,245,Cash,Pending,TRK35464,5,FREESHIP,Referral,546.19
ORD2002,2023-04-0,C93379,Desk,3,42.95,318,Gift Card,Returned,TRK67954,8,SAVE10,Email,128.85
ORD2002,2025-05-1,C93175,Monitor,4,14.69,814,Cash,Cancelled,TRK32995,9,,Email,58.76
ORD2002,2024-09-2,C19648,Phone,4,668.36,821,Gift Card,Cancelled,TRK51297,5,FREESHIP,Facebook,2673.44
ORD2002,2024-03-2,C14891,Chair,4,413.74,743,Gift Card,Returned,TRK79471,7,FREESHIP,Instagram,1654.96
ORD2002,2023-12-2,C10866,Monitor,3,263.19,770,Online,Delivered,TRK34809,5,,Instagram,789.57
ORD2002,2024-05-1,C47283,Monitor,1,263.96,806,Gift Card,Returned,TRK56235,2,SAVE10,Google,263.96
ORD2002,2025-06-3,C94323,Chair,5,75.81,463,Gift Card,Returned,TRK22663,10,WINTER15,Instagram,379.05
ORD2002,2024-04-2,C89732,Phone,1,406.22,712,Credit Car ,Cancelled,TRK41059,5,SAVE10,Referral,406.22
ORD2002,2024-02-2,C87764,Tablet,2,103.41,294,Online,Shipped,TRK94082,2,FREESHIP,Referral,206.82
ORD2002,2023-06-1,C20977,Chair,4,435.12,636,Credit Car ,Delivered,TRK54991,9,SAVE10,Instagram,1740.48
ORD2002,2023-05-1,C12245,Monitor,2,407.79,153,Debit Card,Shipped,TRK22000,3,,Google,815.58
ORD2002,2025-05-2,C68976,Phone,5,173.65,460,Gift Card,Delivered,TRK25491,9,SAVE10,Email,868.25
ORD2002,2023-01-1,C69476,Phone,4,249.07,642,Credit Car ,Returned,TRK65869,5,WINTER15,Referral,996.28
ORD2002,2023-03-2,C71040,Phone,4,434.85,250,Credit Car ,Pending,TRK41397,4,WINTER15,Google,1739.4
ORD2002,2024-08-0,C71035,Tablet,1,436.77,977,Cash,Returned,TRK19599,5,FREESHIP,Google,436.77
ORD2002,2023-12-2,C20752,Printer,1,572.13,150,Debit Card,Cancelled,TRK22298,4,SAVE10,Google,572.13
ORD2002,2024-06-0,C38840,Chair,4,583.07,589,Credit Car ,Cancelled,TRK48484,6,FREESHIP,Referral,2332.28
ORD2002,2025-04-1,C84480,Chair,5,468.51,803,Debit Card,Delivered,TRK62361,9,,Facebook,2342.55
ORD2002,2023-08-1,C37032,Phone,2,423.88,655,Debit Card,Delivered,TRK48639,7,SAVE10,Referral,847.76
ORD2002,2023-11-2,C48942,Tablet,4,663.67,129,Credit Car ,Pending,TRK29355,7,FREESHIP,Google,2654.68
ORD2002,2023-06-0,C13540,Printer,4,309.91,127,Debit Card,Shipped,TRK81087,5,WINTER15,Google,1239.64
ORD2002,2023-03-2,C59572,Monitor,1,542.07,791,Cash,Shipped,TRK16792,6,WINTER15,Referral,542.07
ORD2002,2023-09-1,C29758,Chair,2,399.32,119,Online,Pending,TRK12990,6,WINTER15,Instagram,798.64
ORD2002,2024-10-2,C11849,Tablet,2,238.25,974,Online,Cancelled,TRK91195,7,FREESHIP,Email,476.5
ORD2002,2023-02-0,C50967,Phone,2,182.4,884,Gift Card,Cancelled,TRK65300,5,SAVE10,Referral,364.8
ORD2002,2023-11-0,C80735,Chair,2,65.07,360,Credit Car ,Cancelled,TRK99880,4,SAVE10,Google,130.14
ORD2002,2025-03-2,C99050,Printer,2,600.57,654,Debit Card,Returned,TRK56927,3,WINTER15,Instagram,1201.14
ORD2002,2024-09-0,C11210,Chair,5,90.92,910,Credit Car ,Delivered,TRK44929,9,SAVE10,Facebook,454.6
ORD2002,2024-11-1,C46015,Laptop,5,362.46,299,Cash,Delivered,TRK46598,6,FREESHIP,Instagram,1812.3
ORD2002,2023-10-2,C69167,Chair,3,55.01,263,Online,Pending,TRK12425,7,WINTER15,Email,165.03
ORD20028,2023-03-2,C55388,Tablet,3,404.62,740,Gift Card,Delivered,TRK75741,6,FREESHIP,Instagram,1213.86
ORD20028,2023-07-2,C87181,Desk,4,654.79,195,Cash,Pending,TRK60093,9,,Referral,2619.16
ORD20028,2025-04-2,C30411,Printer,4,637.79,375,Gift Card,Cancelled,TRK71810,9,FREESHIP,Google,2551.16
ORD20028,2025-02-2,C39638,Laptop,4,540.33,990,Cash,Shipped,TRK69745,6,,Google,2161.32
ORD20028,2023-02-1,C27203,Laptop,5,208.17,516,Credit Car ,Returned,TRK22023,6,SAVE10,Facebook,1040.85
ORD20028,2025-06-1,C67583,Phone,1,338.31,974,Online,Delivered,TRK93281,3,,Google,338.31
ORD20028,2025-04-0,C70554,Monitor,3,139.45,187,Gift Card,Returned,TRK61086,8,WINTER15,Google,418.35
ORD20028,2023-11-2,C70437,Chair,4,655.18,630,Online,Shipped,TRK26628,5,,Facebook,2620.72
ORD20028,2023-03-1,C97643,Laptop,4,512.75,537,Debit Card,Returned,TRK60831,8,WINTER15,Google,2051
ORD20028,2023-07-2,C17136,Chair,4,160.49,333,Credit Car ,Shipped,TRK55362,8,WINTER15,Referral,641.96
ORD20029,2023-05-0,C24901,Chair,3,99.9,258,Cash,Delivered,TRK14029,8,FREESHIP,Facebook,299.7
ORD20029,2024-05-1,C61521,Phone,2,345.01,670,Credit Car ,Delivered,TRK93676,6,FREESHIP,Google,690.02
ORD20029,2025-01-1,C39639,Monitor,1,65.95,185,Credit Car ,Delivered,TRK31042,5,,Facebook,65.95
ORD20029,2023-02-1,C33220,Tablet,4,463.04,564,Gift Card,Returned,TRK40450,9,,Instagram,1852.16
ORD20029,2025-04-0,C65414,Phone,2,297.71,208,Online,Shipped,TRK67562,7,SAVE10,Referral,595.42
ORD20029,2023-01-2,C49009,Printer,5,107.48,278,Debit Card,Cancelled,TRK46285,9,FREESHIP,Email,537.4
ORD20029,2024-06-1,C48453,Desk,5,638.8,434,Debit Card,Cancelled,TRK52110,10,WINTER15,Referral,3194
ORD20029,2023-02-2,C68078,Desk,2,493.88,252,Credit Car ,Returned,TRK64862,7,SAVE10,Instagram,987.76
ORD20029,2023-12-1,C19402,Printer,4,301.17,267,Online,Cancelled,TRK97825,6,,Email,1204.68
ORD20029,2024-01-2,C30711,Monitor,1,278.66,856,Gift Card,Cancelled,TRK42696,2,FREESHIP,Instagram,278.66
ORD20030,2024-09-0,C39000,Phone,1,287.46,894,Debit Card,Returned,TRK33753,3,FREESHIP,Facebook,287.46
ORD20030,2023-05-1,C31105,Chair,1,583.99,726,Cash,Cancelled,TRK40149,2,SAVE10,Email,583.99
ORD20030,2023-05-1,C29432,Chair,3,468.74,121,Cash,Pending,TRK44142,4,FREESHIP,Instagram,1406.22
ORD20030,2024-12-0,C48531,Tablet,1,30.54,368,Debit Card,Returned,TRK95462,1,,Google,30.54
ORD20030,2024-10-1,C86762,Monitor,5,408.73,326,Gift Card,Delivered,TRK75686,10,FREESHIP,Instagram,2043.65
ORD20030,2023-11-2,C63822,Laptop,4,126.89,235,Cash,Pending,TRK59353,9,FREESHIP,Instagram,507.56
ORD20030,2024-06-0,C70495,Printer,2,57.07,238,Debit Card,Returned,TRK65511,3,SAVE10,Instagram,114.14
ORD20030,2023-07-0,C92407,Laptop,3,557.41,135,Online,Delivered,TRK11755,4,,Email,1672.23
ORD20030,2023-12-1,C75888,Printer,3,448.9,790,Debit Card,Returned,TRK98467,7,SAVE10,Instagram,1346.7
ORD20030,2023-10-0,C63153,Chair,4,549.76,625,Debit Card,Delivered,TRK38033,4,FREESHIP,Facebook,2199.04
ORD2003,2024-02-2,C85863,Printer,3,132.48,968,Online,Shipped,TRK16094,4,,Referral,397.44
ORD2003,2025-05-1,C71698,Desk,5,489.37,274,Online,Returned,TRK34786,8,,Instagram,2446.85
ORD2003,2025-05-2,C35397,Printer,5,66.31,579,Gift Card,Pending,TRK64742,7,FREESHIP,Referral,331.55
ORD2003,2023-07-0,C67687,Chair,2,434.3,978,Cash,Delivered,TRK22838,7,SAVE10,Instagram,868.6
ORD2003,2023-10-0,C29931,Desk,4,153.09,540,Online,Delivered,TRK48712,4,FREESHIP,Referral,612.36
ORD2003,2025-05-1,C59139,Tablet,5,91.67,301,Online,Cancelled,TRK45507,9,FREESHIP,Email,458.35
ORD2003,2023-10-0,C66078,Desk,4,275.28,101,Gift Card,Shipped,TRK86474,9,WINTER15,Facebook,1101.12
ORD2003,2023-04-1,C88370,Monitor,2,139.95,339,Online,Returned,TRK22575,5,,Instagram,279.9
ORD2003,2024-07-2,C93375,Chair,3,148.72,317,Debit Card,Cancelled,TRK95706,7,SAVE10,Google,446.16
ORD2003,2023-12-0,C53049,Laptop,2,563.06,413,Cash,Returned,TRK48974,6,,Instagram,1126.12
ORD2003,2024-12-1,C55590,Printer,1,625.51,772,Credit Car ,Shipped,TRK48792,1,FREESHIP,Facebook,625.51
ORD2003,2023-08-0,C47086,Phone,4,152.29,135,Debit Card,Cancelled,TRK44194,6,WINTER15,Google,609.16
ORD2003,2024-06-1,C48646,Phone,5,231.82,339,Debit Card,Delivered,TRK18233,6,SAVE10,Facebook,1159.1
ORD2003,2025-01-2,C29416,Laptop,1,150.17,414,Debit Card,Returned,TRK63820,1,SAVE10,Referral,150.17
ORD2003,2024-06-1,C13525,Tablet,3,70.93,847,Debit Card,Returned,TRK70193,5,,Referral,212.79
ORD2003,2023-06-2,C53545,Desk,3,361.39,665,Credit Car ,Shipped,TRK61123,8,,Referral,1084.17
ORD2003,2024-07-0,C65986,Laptop,5,670.48,273,Gift Card,Returned,TRK98353,5,SAVE10,Facebook,3352.4
ORD2003,2023-07-2,C17302,Phone,1,359.99,385,Gift Card,Cancelled,TRK43940,5,SAVE10,Email,359.99
ORD2003,2023-02-2,C18404,Tablet,5,674.04,546,Online,Cancelled,TRK89401,7,SAVE10,Google,3370.2
ORD2003,2024-12-2,C88371,Chair,4,283.16,306,Credit Car ,Shipped,TRK63224,6,,Google,1132.64
ORD2003,2024-06-0,C38068,Desk,5,260.53,532,Gift Card,Pending,TRK54059,5,SAVE10,Instagram,1302.65
ORD2003,2023-04-1,C78724,Printer,3,422.13,187,Online,Delivered,TRK25703,7,SAVE10,Facebook,1266.39
ORD2003,2024-07-0,C26163,Desk,5,125.02,607,Debit Card,Pending,TRK67499,9,SAVE10,Google,625.1
ORD2003,2024-04-1,C87124,Phone,1,198.51,818,Credit Car ,Returned,TRK52086,5,WINTER15,Instagram,198.51
ORD2003,2024-03-2,C90348,Chair,4,224.75,728,Online,Delivered,TRK20635,7,WINTER15,Facebook,899
ORD2003,2025-03-0,C58721,Tablet,3,205.86,978,Gift Card,Shipped,TRK34801,4,,Email,617.58
ORD2003,2023-12-2,C88174,Laptop,1,18.2,441,Debit Card,Pending,TRK10143,4,SAVE10,Instagram,18.2
ORD2003,2023-05-2,C77763,Tablet,3,502.77,599,Debit Card,Returned,TRK66980,8,WINTER15,Email,1508.31
ORD2003,2023-11-0,C53627,Phone,5,305.49,704,Debit Card,Shipped,TRK64112,10,,Referral,1527.45
ORD2003,2024-04-1,C84563,Printer,2,236.33,398,Online,Pending,TRK62422,3,SAVE10,Instagram,472.66
ORD20034,2023-04-2,C76207,Laptop,5,521.25,826,Cash,Cancelled,TRK25569,8,,Email,2606.25
ORD20034,2024-09-2,C94671,Tablet,1,167.15,293,Gift Card,Shipped,TRK61357,5,WINTER15,Email,167.15
ORD20034,2025-06-2,C69994,Monitor,5,466.42,619,Gift Card,Returned,TRK95935,5,,Referral,2332.1
ORD20034,2023-02-2,C64638,Printer,1,527.57,919,Debit Card,Pending,TRK64087,3,FREESHIP,Facebook,527.57
ORD20034,2025-03-0,C95623,Tablet,3,623.34,248,Online,Cancelled,TRK67558,3,SAVE10,Instagram,1870.02
ORD20034,2023-12-0,C24751,Tablet,5,501.26,259,Gift Card,Shipped,TRK37285,10,FREESHIP,Referral,2506.3
ORD20034,2024-12-0,C31764,Tablet,1,655.09,876,Cash,Pending,TRK44680,6,,Referral,655.09
ORD20034,2024-02-0,C83556,Printer,4,264.79,380,Credit Car ,Pending,TRK21109,5,SAVE10,Google,1059.16
ORD20034,2024-03-1,C24369,Laptop,3,359.73,885,Debit Card,Returned,TRK72633,7,FREESHIP,Email,1079.19
ORD20034,2023-11-3,C39648,Chair,1,465.33,824,Gift Card,Delivered,TRK56016,2,FREESHIP,Google,465.33
ORD2003,2023-06-0,C13296,Chair,2,54.41,495,Online,Shipped,TRK60127,6,,Instagram,108.82
ORD2003,2025-02-1,C94248,Laptop,1,64.66,494,Debit Card,Delivered,TRK89406,4,,Instagram,64.66
ORD2003,2023-08-3,C26637,Chair,5,173.96,995,Debit Card,Pending,TRK59546,8,WINTER15,Instagram,869.8
ORD2003,2025-03-2,C16012,Tablet,1,630.82,171,Online,Delivered,TRK15195,5,FREESHIP,Google,630.82
ORD2003,2023-07-1,C31772,Phone,1,693.41,992,Debit Card,Shipped,TRK11970,4,,Instagram,693.41
ORD2003,2025-06-0,C18353,Tablet,3,433.33,677,Credit Car ,Cancelled,TRK78766,4,FREESHIP,Referral,1299.99
ORD2003,2023-05-0,C26966,Printer,5,374.58,907,Gift Card,Cancelled,TRK83889,10,FREESHIP,Instagram,1872.9
ORD2003,2023-07-0,C74982,Laptop,5,408.56,398,Debit Card,Delivered,TRK98700,8,FREESHIP,Instagram,2042.8
ORD2003,2024-04-0,C70633,Tablet,2,183.67,747,Online,Cancelled,TRK82540,3,SAVE10,Google,367.34
ORD2003,2023-06-0,C95643,Desk,4,606.57,303,Debit Card,Delivered,TRK23286,5,WINTER15,Referral,2426.28
ORD2003,2024-06-0,C53810,Phone,4,589.57,779,Cash,Pending,TRK34630,8,,Instagram,2358.28
ORD2003,2024-06-2,C53464,Printer,5,659.85,197,Credit Car ,Delivered,TRK32743,9,SAVE10,Facebook,3299.25
ORD2003,2023-06-2,C53697,Monitor,4,206.84,312,Cash,Cancelled,TRK60476,5,WINTER15,Instagram,827.36
ORD2003,2024-05-2,C31668,Laptop,5,113.87,871,Credit Car ,Pending,TRK42584,6,SAVE10,Email,569.35
ORD2003,2023-11-2,C85282,Phone,5,628.74,740,Cash,Cancelled,TRK86767,9,FREESHIP,Facebook,3143.7
ORD2003,2025-02-1,C56796,Phone,1,678.38,607,Credit Car ,Cancelled,TRK74263,4,SAVE10,Referral,678.38
ORD2003,2023-02-1,C95213,Printer,3,602.24,603,Debit Card,Pending,TRK40630,8,,Referral,1806.72
ORD2003,2024-04-2,C13108,Laptop,5,658.77,712,Gift Card,Pending,TRK82284,10,FREESHIP,Instagram,3293.85
ORD2003,2023-05-0,C85322,Monitor,3,271.02,403,Credit Car ,Cancelled,TRK89728,6,,Google,813.06
ORD2003,2024-12-2,C43545,Monitor,5,375.25,216,Gift Card,Pending,TRK73937,9,SAVE10,Email,1876.25
ORD2003,2025-05-0,C80649,Phone,1,312.11,870,Online,Cancelled,TRK41143,4,WINTER15,Facebook,312.11
ORD2003,2023-01-0,C59752,Phone,5,307.76,179,Gift Card,Pending,TRK82229,9,FREESHIP,Google,1538.8
ORD2003,2025-02-1,C53645,Chair,3,483.53,166,Cash,Returned,TRK12123,4,,Referral,1450.59
ORD2003,2023-01-0,C60178,Laptop,3,341.15,969,Cash,Pending,TRK84505,4,FREESHIP,Instagram,1023.45
ORD2003,2024-09-1,C20286,Monitor,1,571.9,129,Gift Card,Pending,TRK67648,1,WINTER15,Instagram,571.9
ORD2003,2025-01-1,C87547,Monitor,4,95.03,400,Online,Shipped,TRK71027,8,FREESHIP,Facebook,380.12
ORD2003,2023-08-2,C64549,Monitor,5,201.22,341,Debit Card,Pending,TRK20788,6,FREESHIP,Facebook,1006.1
ORD2003,2024-07-2,C24884,Monitor,1,260.26,625,Online,Pending,TRK44538,5,WINTER15,Instagram,260.26
ORD2003,2024-02-0,C62666,Chair,5,64.5,148,Credit Car ,Pending,TRK91029,8,WINTER15,Instagram,322.5
ORD2003,2024-09-2,C47284,Phone,3,297.67,500,Online,Shipped,TRK85756,6,,Google,893.01
ORD20038,2024-04-2,C35355,Printer,4,331.9,127,Cash,Pending,TRK52935,5,SAVE10,Instagram,1327.6
ORD20038,2023-06-0,C29467,Chair,1,191.76,223,Credit Car ,Returned,TRK98103,1,FREESHIP,Instagram,191.76
ORD20038,2025-01-3,C26718,Printer,4,263.09,272,Debit Card,Shipped,TRK91702,8,SAVE10,Google,1052.36
ORD20038,2023-01-2,C18944,Chair,4,393.8,837,Credit Car ,Pending,TRK45275,7,SAVE10,Email,1575.2
ORD20038,2024-11-2,C35628,Chair,3,553.57,147,Credit Car ,Returned,TRK45688,4,FREESHIP,Facebook,1660.71
ORD20038,2023-10-3,C56851,Chair,5,191.63,752,Gift Card,Delivered,TRK65290,6,FREESHIP,Facebook,958.15
ORD20038,2023-04-2,C12421,Tablet,1,93.02,373,Online,Returned,TRK32588,4,,Email,93.02
ORD20038,2024-06-2,C25316,Printer,2,39.53,904,Credit Car ,Shipped,TRK55423,3,WINTER15,Google,79.06
ORD20038,2023-12-2,C22657,Printer,3,633.97,152,Cash,Pending,TRK49157,7,WINTER15,Facebook,1901.91
ORD20038,2023-12-1,C29703,Desk,4,697.5,558,Cash,Shipped,TRK40543,7,FREESHIP,Referral,2790
ORD20039,2023-07-1,C55996,Printer,5,508.69,885,Cash,Delivered,TRK30547,10,FREESHIP,Google,2543.45
ORD20039,2025-01-1,C60037,Laptop,2,527.46,516,Debit Card,Cancelled,TRK82009,3,FREESHIP,Referral,1054.92
ORD20039,2024-02-2,C95100,Phone,1,627.2,197,Online,Delivered,TRK47366,1,WINTER15,Email,627.2
ORD20039,2024-07-1,C39906,Printer,1,75.01,921,Credit Car ,Returned,TRK24632,3,,Google,75.01
ORD20039,2023-07-0,C70148,Desk,5,529.55,359,Gift Card,Shipped,TRK34848,10,,Facebook,2647.75
ORD20039,2025-04-2,C30010,Phone,3,127.41,830,Gift Card,Delivered,TRK35386,7,SAVE10,Referral,382.23
ORD20039,2023-12-0,C99217,Tablet,5,287.13,778,Online,Shipped,TRK82004,10,SAVE10,Email,1435.65
ORD20039,2023-09-2,C30184,Monitor,1,427.06,987,Online,Cancelled,TRK86674,1,WINTER15,Referral,427.06
ORD20039,2024-09-0,C50275,Phone,5,53.93,729,Gift Card,Shipped,TRK98925,7,SAVE10,Instagram,269.65
ORD20039,2024-01-0,C64641,Tablet,5,423.93,319,Debit Card,Returned,TRK32012,5,FREESHIP,Facebook,2119.65
ORD20040,2024-09-2,C56266,Desk,4,160.22,304,Debit Card,Returned,TRK60088,9,WINTER15,Instagram,640.88
ORD20040,2025-04-0,C98635,Printer,1,538.68,197,Debit Card,Returned,TRK14225,6,,Referral,538.68
ORD20040,2023-04-0,C83026,Printer,5,337.38,858,Gift Card,Shipped,TRK79746,5,,Referral,1686.9
ORD20040,2024-11-1,C28893,Tablet,1,620.21,740,Online,Returned,TRK98333,1,FREESHIP,Referral,620.21
ORD20040,2023-03-0,C45482,Monitor,2,99.1,440,Cash,Delivered,TRK54571,6,,Instagram,198.2
ORD20040,2025-01-2,C97774,Monitor,4,451.97,603,Online,Cancelled,TRK64664,7,WINTER15,Email,1807.88
ORD20040,2023-12-1,C11657,Tablet,4,66.1,572,Cash,Returned,TRK50284,9,WINTER15,Google,264.4
ORD20040,2023-08-1,C85993,Tablet,4,547.32,250,Cash,Returned,TRK72547,8,FREESHIP,Instagram,2189.28
ORD20040,2025-01-0,C11906,Printer,3,412.53,536,Online,Pending,TRK31140,6,WINTER15,Google,1237.59
ORD20040,2023-06-2,C45187,Desk,5,84.13,767,Online,Delivered,TRK12320,9,SAVE10,Google,420.65
ORD2004,2024-01-1,C37375,Tablet,2,518.23,184,Debit Card,Shipped,TRK52470,5,,Email,1036.46
ORD2004,2024-06-1,C66567,Desk,2,39.51,981,Online,Shipped,TRK21174,5,,Facebook,79.02
ORD2004,2025-04-1,C42451,Tablet,5,133.01,246,Credit Car ,Returned,TRK31313,10,,Facebook,665.05
ORD2004,2023-10-0,C13923,Tablet,1,118.8,123,Online,Delivered,TRK87598,6,SAVE10,Email,118.8
ORD2004,2025-05-0,C11829,Desk,2,139.57,797,Cash,Delivered,TRK84229,4,WINTER15,Facebook,279.14
ORD2004,2025-04-0,C62169,Chair,1,184.15,655,Gift Card,Shipped,TRK64558,5,FREESHIP,Facebook,184.15
ORD2004,2023-07-1,C20881,Laptop,2,644.05,652,Gift Card,Cancelled,TRK26263,5,WINTER15,Referral,1288.1
ORD2004,2023-10-2,C44492,Laptop,5,55.41,954,Online,Cancelled,TRK51429,5,,Google,277.05
ORD2004,2023-01-1,C74169,Printer,1,310.93,862,Online,Cancelled,TRK66144,3,,Facebook,310.93
ORD2004,2024-04-1,C70999,Tablet,2,216.66,885,Debit Card,Pending,TRK75644,6,FREESHIP,Instagram,433.32
ORD2004,2024-11-2,C11921,Phone,1,452.7,439,Debit Card,Shipped,TRK91362,5,FREESHIP,Instagram,452.7
ORD2004,2023-10-1,C50683,Chair,2,288.21,769,Debit Card,Cancelled,TRK53032,5,,Email,576.42
ORD2004,2023-06-0,C76140,Phone,4,206.6,914,Gift Card,Returned,TRK25861,6,WINTER15,Referral,826.4
ORD2004,2024-07-2,C94311,Printer,4,685.2,195,Gift Card,Cancelled,TRK97308,6,WINTER15,Google,2740.8
ORD2004,2023-04-1,C49491,Chair,5,22.94,339,Cash,Pending,TRK64012,10,,Email,114.7
ORD2004,2023-03-0,C40648,Laptop,2,301.88,488,Gift Card,Returned,TRK25325,5,WINTER15,Email,603.76
ORD2004,2025-03-1,C40967,Monitor,5,57.45,315,Cash,Cancelled,TRK24839,10,,Facebook,287.25
ORD2004,2024-12-1,C25406,Desk,1,161.24,379,Credit Car ,Pending,TRK70952,3,WINTER15,Instagram,161.24
ORD2004,2024-11-2,C77085,Chair,4,262.58,895,Online,Cancelled,TRK57227,8,WINTER15,Email,1050.32
ORD2004,2024-12-1,C38126,Printer,4,515.19,522,Credit Car ,Pending,TRK90838,9,SAVE10,Facebook,2060.76
ORD2004,2023-06-0,C87448,Phone,1,450.07,433,Gift Card,Shipped,TRK44134,6,FREESHIP,Google,450.07
ORD2004,2024-10-0,C62312,Printer,1,52.54,651,Debit Card,Cancelled,TRK59623,6,WINTER15,Facebook,52.54
ORD2004,2023-09-0,C58443,Tablet,2,424.32,662,Credit Car ,Returned,TRK77163,6,,Referral,848.64
ORD2004,2023-08-2,C36613,Monitor,3,631.64,785,Credit Car ,Returned,TRK13282,3,FREESHIP,Facebook,1894.92
ORD2004,2023-10-2,C73893,Printer,5,327.68,384,Credit Car ,Returned,TRK85939,6,,Facebook,1638.4
ORD2004,2023-05-2,C48601,Printer,1,414.47,101,Debit Card,Returned,TRK97868,3,FREESHIP,Instagram,414.47
ORD2004,2023-02-1,C14568,Laptop,4,221.33,651,Online,Pending,TRK73545,5,,Google,885.32
ORD2004,2024-04-1,C63378,Phone,1,512.39,955,Online,Delivered,TRK20863,2,FREESHIP,Instagram,512.39
ORD2004,2025-01-0,C77800,Tablet,3,459.34,436,Gift Card,Pending,TRK27439,3,SAVE10,Instagram,1378.02
ORD2004,2024-09-0,C91155,Tablet,1,146.32,321,Online,Shipped,TRK36260,4,WINTER15,Facebook,146.32
ORD20044,2024-11-0,C60215,Desk,4,83.6,978,Debit Card,Pending,TRK31727,4,SAVE10,Facebook,334.4
ORD20044,2023-12-1,C52915,Printer,2,328.54,475,Gift Card,Returned,TRK79466,6,FREESHIP,Email,657.08
ORD20044,2024-05-0,C72588,Chair,5,314.94,661,Cash,Pending,TRK43410,8,SAVE10,Instagram,1574.7
ORD20044,2024-05-1,C61668,Chair,2,69.64,813,Cash,Returned,TRK58970,6,,Facebook,139.28
ORD20044,2024-06-0,C79508,Printer,1,135.17,585,Online,Shipped,TRK61882,6,FREESHIP,Instagram,135.17
ORD20044,2024-03-2,C94569,Phone,1,487.21,227,Cash,Delivered,TRK31351,3,SAVE10,Referral,487.21
ORD20044,2023-10-1,C89592,Laptop,5,509.58,262,Online,Delivered,TRK49442,6,FREESHIP,Instagram,2547.9
ORD20044,2024-04-0,C48207,Printer,2,416.81,356,Cash,Returned,TRK45355,2,,Facebook,833.62
ORD20044,2023-09-0,C16776,Laptop,2,160,854,Cash,Pending,TRK12860,4,SAVE10,Instagram,320
ORD20044,2024-08-2,C91518,Tablet,3,253.05,286,Online,Pending,TRK48688,3,,Instagram,759.15
ORD2004,2024-01-1,C36408,Monitor,5,615.1,160,Gift Card,Returned,TRK94023,10,WINTER15,Instagram,3075.5
ORD2004,2023-04-0,C14837,Monitor,1,183.18,647,Debit Card,Cancelled,TRK17501,6,SAVE10,Email,183.18
ORD2004,2023-07-2,C36467,Printer,1,75.78,581,Cash,Pending,TRK20863,5,SAVE10,Google,75.78
ORD2004,2025-05-0,C15017,Tablet,1,675.57,492,Cash,Shipped,TRK51241,1,WINTER15,Facebook,675.57
ORD2004,2024-11-2,C54759,Laptop,1,109.29,686,Debit Card,Cancelled,TRK75583,5,FREESHIP,Google,109.29
ORD2004,2024-03-2,C58341,Phone,1,639.83,874,Debit Card,Pending,TRK32856,2,SAVE10,Referral,639.83
ORD2004,2023-06-2,C94479,Desk,5,62.81,259,Credit Car ,Shipped,TRK69089,9,SAVE10,Facebook,314.05
ORD2004,2025-05-2,C50236,Desk,4,615.83,545,Online,Returned,TRK67692,4,WINTER15,Instagram,2463.32
ORD2004,2024-07-0,C31412,Monitor,4,510.58,196,Credit Car ,Returned,TRK61946,7,WINTER15,Email,2042.32
ORD2004,2024-07-2,C90142,Desk,1,334.39,433,Credit Car ,Returned,TRK39717,2,,Instagram,334.39
ORD2004,2024-10-0,C83548,Laptop,1,144.25,474,Cash,Returned,TRK93822,2,WINTER15,Referral,144.25
ORD2004,2024-06-0,C29697,Tablet,1,401.82,407,Credit Car ,Shipped,TRK47776,5,FREESHIP,Google,401.82
ORD2004,2025-03-3,C22991,Phone,1,252.68,731,Online,Cancelled,TRK32796,1,,Referral,252.68
ORD2004,2023-05-2,C25276,Laptop,5,662.78,214,Debit Card,Shipped,TRK14011,9,SAVE10,Instagram,3313.9
ORD2004,2023-03-1,C39176,Tablet,4,434.42,739,Online,Cancelled,TRK71418,6,FREESHIP,Google,1737.68
ORD2004,2024-02-2,C58773,Printer,5,513.49,391,Gift Card,Cancelled,TRK65438,8,,Google,2567.45
ORD2004,2023-07-1,C37412,Phone,1,432.47,895,Cash,Delivered,TRK97829,4,FREESHIP,Referral,432.47
ORD2004,2024-08-3,C36492,Desk,1,45.94,572,Cash,Cancelled,TRK44350,2,WINTER15,Email,45.94
ORD2004,2025-06-2,C90110,Phone,1,418.36,998,Credit Car ,Delivered,TRK60203,5,FREESHIP,Email,418.36
ORD2004,2023-11-2,C13877,Chair,5,676.98,893,Cash,Cancelled,TRK17254,5,,Facebook,3384.9
ORD2004,2023-09-2,C25149,Tablet,4,263.62,672,Cash,Shipped,TRK33538,5,SAVE10,Email,1054.48
ORD2004,2025-04-1,C52717,Desk,5,551.27,395,Online,Cancelled,TRK27625,7,FREESHIP,Referral,2756.35
ORD2004,2023-01-0,C60029,Chair,3,508.12,796,Credit Car ,Cancelled,TRK86461,8,FREESHIP,Referral,1524.36
ORD2004,2025-02-2,C28552,Chair,2,14.93,449,Online,Shipped,TRK71597,4,,Facebook,29.86
ORD2004,2023-11-1,C72293,Printer,3,229.34,398,Credit Car ,Shipped,TRK84378,6,SAVE10,Referral,688.02
ORD2004,2025-04-1,C29844,Tablet,2,438.62,363,Cash,Cancelled,TRK91642,3,SAVE10,Facebook,877.24
ORD2004,2024-01-1,C77872,Phone,2,513.59,867,Online,Returned,TRK19292,4,FREESHIP,Referral,1027.18
ORD2004,2025-03-0,C56564,Phone,2,253.74,481,Online,Shipped,TRK13166,5,SAVE10,Google,507.48
ORD2004,2024-11-0,C16758,Tablet,3,62.77,914,Gift Card,Shipped,TRK88544,6,FREESHIP,Referral,188.31
ORD2004,2023-02-1,C87011,Monitor,4,25.29,943,Credit Car ,Pending,TRK21429,8,,Google,101.16
ORD20048,2023-06-1,C21147,Chair,1,335.1,126,Debit Card,Pending,TRK93171,6,FREESHIP,Referral,335.1
ORD20048,2023-04-2,C94568,Laptop,4,484.85,317,Debit Card,Delivered,TRK58653,5,WINTER15,Referral,1939.4
ORD20048,2025-03-0,C35852,Monitor,3,381.41,989,Online,Pending,TRK22302,6,,Instagram,1144.23
ORD20048,2023-01-1,C66462,Phone,5,347.92,982,Cash,Pending,TRK52743,6,WINTER15,Google,1739.6
ORD20048,2024-05-2,C29092,Chair,4,15.01,767,Cash,Cancelled,TRK90455,6,,Facebook,60.04
ORD20048,2023-08-0,C46651,Chair,3,404.79,764,Cash,Shipped,TRK67679,6,SAVE10,Instagram,1214.37
ORD20048,2023-02-0,C88981,Printer,4,611.26,558,Cash,Shipped,TRK75267,5,SAVE10,Referral,2445.04
ORD20048,2023-03-0,C40136,Printer,3,346.52,211,Credit Car ,Pending,TRK92924,3,SAVE10,Google,1039.56
ORD20048,2024-12-0,C81573,Chair,1,36.65,556,Online,Cancelled,TRK96522,1,WINTER15,Email,36.65
ORD20048,2023-09-0,C11940,Tablet,3,149.34,589,Gift Card,Cancelled,TRK85466,7,WINTER15,Email,448.02
ORD20049,2024-07-2,C50097,Chair,5,467.81,539,Online,Cancelled,TRK62785,10,,Facebook,2339.05
ORD20049,2023-01-0,C98168,Phone,5,420.7,481,Cash,Pending,TRK56423,5,WINTER15,Facebook,2103.5
ORD20049,2023-10-2,C39074,Laptop,5,606.52,103,Debit Card,Shipped,TRK13027,6,SAVE10,Instagram,3032.6
ORD20049,2025-01-2,C84908,Phone,1,420.26,372,Credit Car ,Pending,TRK64135,4,FREESHIP,Facebook,420.26
ORD20049,2023-07-1,C64516,Laptop,3,505.79,459,Debit Card,Pending,TRK63920,3,FREESHIP,Referral,1517.37
ORD20049,2025-06-0,C63827,Phone,4,493.73,947,Debit Card,Pending,TRK35730,6,SAVE10,Facebook,1974.92
ORD20049,2025-03-1,C93618,Printer,3,201.21,249,Online,Cancelled,TRK66129,3,SAVE10,Google,603.63
ORD20049,2024-10-2,C93948,Printer,3,112.29,454,Gift Card,Shipped,TRK77358,6,,Google,336.87
ORD20049,2023-07-1,C73961,Tablet,4,132.56,306,Cash,Returned,TRK32607,8,WINTER15,Instagram,530.24
ORD20049,2023-04-0,C18138,Printer,3,539.46,520,Credit Car ,Shipped,TRK20289,4,SAVE10,Facebook,1618.38
ORD20050,2024-04-0,C79475,Laptop,5,508.59,169,Cash,Returned,TRK42168,8,WINTER15,Facebook,2542.95
ORD20050,2024-02-0,C88546,Desk,4,203.46,226,Credit Car ,Pending,TRK19867,7,SAVE10,Referral,813.84
ORD20050,2023-05-2,C69332,Monitor,3,565.25,745,Debit Card,Returned,TRK65718,7,SAVE10,Email,1695.75
ORD20050,2023-08-3,C64554,Tablet,3,136.84,498,Online,Pending,TRK95384,4,FREESHIP,Facebook,410.52
ORD20050,2025-06-1,C11676,Monitor,2,464.5,805,Online,Cancelled,TRK35726,2,WINTER15,Instagram,929
ORD20050,2023-06-1,C36014,Printer,2,434.97,558,Online,Shipped,TRK97246,7,,Email,869.94
ORD20050,2023-07-2,C23279,Monitor,2,43.67,696,Cash,Returned,TRK58039,4,WINTER15,Instagram,87.34
ORD20050,2023-07-0,C86481,Phone,1,171.59,546,Credit Car ,Pending,TRK87513,5,WINTER15,Email,171.59
ORD20050,2025-05-1,C39550,Phone,1,558.27,976,Online,Delivered,TRK24120,1,,Referral,558.27
ORD20050,2023-02-1,C68937,Laptop,2,425.03,560,Cash,Returned,TRK31908,2,WINTER15,Google,850.06
ORD2005,2024-12-1,C72533,Printer,1,376.76,389,Debit Card,Delivered,TRK51288,5,SAVE10,Email,376.76
ORD2005,2024-03-1,C11415,Monitor,5,575.24,267,Cash,Delivered,TRK65061,7,WINTER15,Email,2876.2
ORD2005,2024-09-2,C14114,Desk,3,568.02,856,Online,Pending,TRK63290,3,FREESHIP,Instagram,1704.06
ORD2005,2025-02-0,C64128,Tablet,3,94.88,533,Gift Card,Shipped,TRK37053,8,,Referral,284.64
ORD2005,2023-04-1,C15629,Printer,3,304.15,492,Gift Card,Shipped,TRK64926,3,WINTER15,Instagram,912.45
ORD2005,2023-03-1,C67561,Phone,3,553.52,160,Gift Card,Shipped,TRK75900,4,FREESHIP,Facebook,1660.56
ORD2005,2024-04-0,C47022,Monitor,3,166.99,208,Cash,Returned,TRK28855,8,,Facebook,500.97
ORD2005,2024-04-0,C55205,Tablet,4,198.35,943,Cash,Cancelled,TRK88141,7,FREESHIP,Google,793.4
ORD2005,2025-06-1,C30686,Printer,4,403.58,319,Online,Pending,TRK59807,9,SAVE10,Referral,1614.32
ORD2005,2025-05-1,C71797,Laptop,4,464.29,941,Debit Card,Returned,TRK66010,5,SAVE10,Email,1857.16
ORD2005,2023-03-1,C66332,Monitor,3,635.98,959,Cash,Returned,TRK27063,5,,Referral,1907.94
ORD2005,2024-02-2,C82318,Phone,1,528.06,991,Credit Car ,Shipped,TRK37534,2,,Facebook,528.06
ORD2005,2024-04-2,C66254,Chair,1,515.32,740,Gift Card,Cancelled,TRK82843,1,FREESHIP,Email,515.32
ORD2005,2025-02-1,C65083,Desk,4,657.79,652,Credit Car ,Returned,TRK60937,6,WINTER15,Google,2631.16
ORD2005,2023-10-2,C44778,Phone,1,153,103,Credit Car ,Returned,TRK92617,4,,Referral,153
ORD2005,2023-12-0,C54499,Monitor,1,668.48,160,Debit Card,Shipped,TRK18061,1,SAVE10,Email,668.48
ORD2005,2024-02-2,C91201,Desk,2,46.5,837,Cash,Returned,TRK63526,7,WINTER15,Google,93
ORD2005,2024-08-1,C27202,Chair,5,653.47,967,Credit Car ,Cancelled,TRK75406,10,SAVE10,Referral,3267.35
ORD2005,2025-02-2,C32011,Chair,1,628.89,686,Credit Car ,Returned,TRK70997,2,SAVE10,Referral,628.89
ORD2005,2024-04-0,C21181,Tablet,2,675.1,938,Cash,Pending,TRK50363,4,FREESHIP,Google,1350.2
ORD2005,2024-07-1,C98450,Chair,4,89.41,613,Online,Pending,TRK14809,9,,Google,357.64
ORD2005,2024-07-0,C64502,Desk,5,320.01,722,Gift Card,Delivered,TRK14914,6,,Referral,1600.05
ORD2005,2025-05-0,C47365,Laptop,2,41,369,Online,Delivered,TRK42207,7,,Email,82
ORD2005,2023-03-0,C66349,Desk,1,565.85,715,Gift Card,Returned,TRK63550,1,FREESHIP,Facebook,565.85
ORD2005,2024-06-0,C73289,Chair,3,648.59,906,Debit Card,Cancelled,TRK70872,4,SAVE10,Email,1945.77
ORD2005,2024-07-2,C48649,Monitor,3,68.12,332,Online,Cancelled,TRK45821,3,FREESHIP,Email,204.36
ORD2005,2024-06-0,C18724,Chair,1,616.1,124,Cash,Returned,TRK52508,6,,Email,616.1
ORD2005,2025-03-2,C68553,Tablet,3,247.47,385,Online,Delivered,TRK58218,4,SAVE10,Facebook,742.41
ORD2005,2024-05-2,C61280,Phone,3,490.74,100,Cash,Shipped,TRK95487,3,WINTER15,Email,1472.22
ORD2005,2025-02-1,C53277,Desk,3,531.72,473,Gift Card,Delivered,TRK17653,7,SAVE10,Google,1595.16
ORD20054,2024-01-2,C87281,Laptop,5,648.65,852,Online,Pending,TRK81765,7,,Referral,3243.25
ORD20054,2023-08-0,C69009,Printer,5,456.06,879,Cash,Pending,TRK61295,10,,Instagram,2280.3
ORD20054,2023-11-1,C49726,Tablet,1,17.98,934,Cash,Cancelled,TRK20739,6,FREESHIP,Email,17.98
ORD20054,2024-03-0,C37531,Desk,5,269.86,354,Cash,Shipped,TRK93877,6,WINTER15,Facebook,1349.3
ORD20054,2024-03-1,C48713,Printer,5,31.96,373,Credit Car ,Returned,TRK96334,5,FREESHIP,Referral,159.8
ORD20054,2023-12-1,C74138,Monitor,2,98.47,964,Cash,Returned,TRK74091,3,,Instagram,196.94
ORD20054,2024-03-0,C82399,Monitor,1,158.68,928,Credit Car ,Returned,TRK77177,6,WINTER15,Instagram,158.68
ORD20054,2023-08-2,C40427,Phone,1,613.98,411,Online,Delivered,TRK25392,4,FREESHIP,Facebook,613.98
ORD20054,2024-01-0,C17103,Printer,3,426.12,922,Online,Delivered,TRK64398,5,WINTER15,Instagram,1278.36
ORD20054,2025-02-2,C34266,Monitor,4,629.88,550,Debit Card,Cancelled,TRK56378,8,WINTER15,Instagram,2519.52
ORD2005,2023-10-2,C97485,Laptop,4,228.91,573,Cash,Shipped,TRK81794,4,FREESHIP,Google,915.64
ORD2005,2023-05-1,C23947,Laptop,1,120.98,353,Debit Card,Delivered,TRK74812,6,WINTER15,Email,120.98
ORD2005,2023-09-3,C21665,Chair,4,425.18,560,Online,Returned,TRK29890,8,WINTER15,Facebook,1700.72
ORD2005,2023-08-2,C82550,Phone,2,333.83,828,Gift Card,Cancelled,TRK74103,4,FREESHIP,Referral,667.66
ORD2005,2025-05-3,C61943,Laptop,2,492.9,610,Cash,Returned,TRK66126,5,FREESHIP,Instagram,985.8
ORD2005,2023-01-0,C88933,Tablet,1,92.04,333,Cash,Shipped,TRK89306,2,,Facebook,92.04
ORD2005,2023-01-2,C30923,Laptop,1,654.27,932,Gift Card,Pending,TRK82609,2,SAVE10,Facebook,654.27
ORD2005,2023-06-2,C56969,Tablet,1,56.2,130,Debit Card,Pending,TRK40719,1,WINTER15,Facebook,56.2
ORD2005,2024-07-1,C76766,Phone,4,628.12,485,Online,Delivered,TRK32052,6,WINTER15,Instagram,2512.48
ORD2005,2024-04-1,C22981,Desk,3,157.4,454,Debit Card,Cancelled,TRK10115,7,WINTER15,Email,472.2
ORD2005,2023-01-3,C33634,Monitor,4,588.85,524,Gift Card,Pending,TRK93168,7,,Email,2355.4
ORD2005,2023-01-3,C96822,Printer,2,494.78,198,Online,Shipped,TRK89180,2,,Google,989.56
ORD2005,2023-10-0,C76675,Laptop,3,663.93,922,Gift Card,Returned,TRK28043,6,FREESHIP,Email,1991.79
ORD2005,2023-12-1,C12039,Laptop,1,132.68,844,Debit Card,Returned,TRK68645,1,SAVE10,Referral,132.68
ORD2005,2025-04-0,C93309,Desk,5,364.28,734,Credit Car ,Cancelled,TRK99446,5,WINTER15,Google,1821.4
ORD2005,2023-05-1,C62042,Tablet,5,307.98,214,Online,Pending,TRK42605,10,,Facebook,1539.9
ORD2005,2024-04-1,C83223,Phone,4,162.71,167,Cash,Cancelled,TRK54339,7,FREESHIP,Email,650.84
ORD2005,2024-09-3,C92575,Chair,5,492.94,153,Cash,Shipped,TRK53579,10,FREESHIP,Email,2464.7
ORD2005,2023-03-1,C29072,Laptop,2,343.99,312,Online,Delivered,TRK72334,4,,Google,687.98
ORD2005,2025-03-2,C25783,Desk,5,250.68,672,Cash,Shipped,TRK13289,8,SAVE10,Instagram,1253.4
ORD2005,2024-12-2,C63727,Desk,2,362.14,122,Debit Card,Pending,TRK13611,2,SAVE10,Instagram,724.28
ORD2005,2024-11-2,C42365,Tablet,1,214.08,867,Gift Card,Returned,TRK39563,2,WINTER15,Google,214.08
ORD2005,2023-11-1,C27438,Printer,1,70.32,341,Cash,Returned,TRK69125,4,WINTER15,Facebook,70.32
ORD2005,2023-01-2,C13205,Chair,5,421.42,522,Debit Card,Cancelled,TRK30686,7,,Instagram,2107.1
ORD2005,2024-01-2,C29685,Chair,5,384.69,275,Credit Car ,Pending,TRK97733,6,FREESHIP,Email,1923.45
ORD2005,2023-06-0,C74005,Chair,5,448.15,528,Gift Card,Returned,TRK61640,7,SAVE10,Google,2240.75
ORD2005,2024-05-2,C14457,Laptop,5,79.08,747,Cash,Pending,TRK42517,8,,Facebook,395.4
ORD2005,2023-01-2,C77046,Tablet,4,185.41,967,Online,Returned,TRK44401,9,WINTER15,Google,741.64
ORD2005,2024-10-1,C50415,Monitor,5,566.07,587,Credit Car ,Delivered,TRK41345,6,SAVE10,Instagram,2830.35
ORD2005,2023-06-0,C73999,Tablet,2,187.88,413,Online,Shipped,TRK67919,4,WINTER15,Facebook,375.76
ORD20058,2023-11-1,C71076,Monitor,2,255.99,340,Credit Car ,Delivered,TRK65148,4,SAVE10,Instagram,511.98
ORD20058,2024-11-1,C44674,Laptop,1,627.34,942,Online,Delivered,TRK87158,1,,Referral,627.34
ORD20058,2024-02-1,C15228,Tablet,3,474.14,558,Gift Card,Shipped,TRK33860,8,WINTER15,Google,1422.42
ORD20058,2025-06-1,C27072,Chair,3,154.37,996,Gift Card,Delivered,TRK29750,4,,Instagram,463.11
ORD20058,2025-03-2,C15257,Chair,4,145.05,626,Online,Delivered,TRK28779,6,SAVE10,Google,580.2
ORD20058,2023-08-2,C91486,Tablet,4,67.08,907,Cash,Returned,TRK79617,8,WINTER15,Google,268.32
ORD20058,2024-11-1,C17389,Monitor,1,522.08,905,Gift Card,Returned,TRK98857,5,FREESHIP,Referral,522.08
ORD20058,2023-06-1,C18820,Monitor,5,514.6,347,Gift Card,Delivered,TRK91547,10,FREESHIP,Instagram,2573
ORD20058,2024-12-1,C61849,Monitor,4,577.82,811,Credit Car ,Delivered,TRK47613,9,,Google,2311.28
ORD20058,2025-02-1,C84041,Laptop,2,500.8,900,Cash,Delivered,TRK84920,3,FREESHIP,Referral,1001.6
ORD20059,2023-09-1,C55757,Printer,2,461.13,175,Gift Card,Returned,TRK27356,4,,Email,922.26
ORD20059,2024-11-1,C18187,Laptop,1,605.28,470,Gift Card,Shipped,TRK50528,3,FREESHIP,Referral,605.28
ORD20059,2024-04-2,C42306,Phone,3,204.27,938,Online,Returned,TRK15499,4,,Google,612.81
ORD20059,2023-08-0,C51024,Monitor,1,489.8,636,Gift Card,Shipped,TRK31375,4,FREESHIP,Facebook,489.8
ORD20059,2024-02-2,C40140,Phone,5,72.64,598,Credit Car ,Cancelled,TRK12671,7,,Email,363.2
ORD20059,2025-01-1,C72596,Printer,2,385.16,491,Online,Pending,TRK83870,7,SAVE10,Email,770.32
ORD20059,2023-06-1,C91805,Desk,3,606.41,653,Debit Card,Returned,TRK34504,7,FREESHIP,Facebook,1819.23
ORD20059,2024-11-2,C40538,Desk,2,211.82,700,Gift Card,Cancelled,TRK29821,4,WINTER15,Email,423.64
ORD20059,2024-04-2,C60329,Desk,5,495.35,826,Credit Car ,Pending,TRK59069,5,,Facebook,2476.75
ORD20059,2023-06-3,C28740,Chair,3,556.99,123,Online,Cancelled,TRK33642,4,FREESHIP,Facebook,1670.97
ORD20060,2023-05-2,C87051,Printer,1,72.31,460,Gift Card,Cancelled,TRK82056,1,FREESHIP,Facebook,72.31
ORD20060,2023-10-0,C12479,Monitor,5,24.82,529,Credit Car ,Shipped,TRK73935,10,,Referral,124.1
ORD20060,2024-03-0,C35852,Tablet,4,26.04,982,Online,Pending,TRK64660,5,SAVE10,Instagram,104.16
ORD20060,2024-10-0,C26223,Tablet,1,657.07,800,Cash,Pending,TRK50900,4,SAVE10,Google,657.07
ORD20060,2025-06-2,C99214,Chair,3,32.62,252,Debit Card,Delivered,TRK81368,6,,Facebook,97.86
ORD20060,2024-05-1,C49605,Monitor,2,228.91,892,Debit Card,Shipped,TRK95620,4,SAVE10,Referral,457.82
ORD20060,2024-11-0,C85018,Laptop,3,274.75,783,Cash,Cancelled,TRK54128,3,SAVE10,Google,824.25
ORD20060,2025-05-3,C96434,Printer,4,634.05,282,Cash,Shipped,TRK56730,6,SAVE10,Google,2536.2
ORD20060,2024-07-2,C32956,Laptop,5,543.16,788,Online,Cancelled,TRK73140,6,SAVE10,Instagram,2715.8
ORD20060,2025-01-2,C41137,Chair,3,449.13,809,Cash,Returned,TRK52732,5,WINTER15,Referral,1347.39
ORD2006,2024-06-1,C60361,Desk,5,389.62,623,Cash,Returned,TRK83566,7,FREESHIP,Facebook,1948.1
ORD2006,2023-04-2,C36688,Desk,1,305.17,700,Gift Card,Returned,TRK35720,3,WINTER15,Referral,305.17
ORD2006,2023-06-0,C51811,Chair,3,445.12,339,Gift Card,Cancelled,TRK82377,8,,Google,1335.36
ORD2006,2024-12-1,C62405,Laptop,2,230.36,154,Online,Returned,TRK14721,4,WINTER15,Email,460.72
ORD2006,2024-03-0,C77363,Phone,1,96.81,807,Gift Card,Cancelled,TRK12439,3,,Referral,96.81
ORD2006,2025-03-0,C97218,Monitor,5,460.14,252,Credit Car ,Returned,TRK52632,10,WINTER15,Facebook,2300.7
ORD2006,2024-10-1,C43919,Tablet,3,601.6,984,Credit Car ,Cancelled,TRK73113,7,SAVE10,Facebook,1804.8
ORD2006,2024-02-0,C57093,Tablet,3,184.47,834,Online,Cancelled,TRK75469,4,,Referral,553.41
ORD2006,2024-09-0,C50565,Tablet,1,411.34,399,Debit Card,Returned,TRK97981,5,,Instagram,411.34
ORD2006,2024-07-1,C38845,Laptop,1,532.89,764,Gift Card,Pending,TRK47637,2,,Referral,532.89
ORD2006,2024-03-2,C84834,Tablet,3,136.34,866,Debit Card,Returned,TRK90136,8,SAVE10,Referral,409.02
ORD2006,2023-10-2,C37455,Phone,5,476.01,146,Credit Car ,Delivered,TRK82685,7,WINTER15,Google,2380.05
ORD2006,2024-11-0,C27078,Desk,5,236.38,128,Credit Car ,Returned,TRK89314,7,,Facebook,1181.9
ORD2006,2023-06-1,C91941,Printer,3,396,269,Gift Card,Cancelled,TRK21330,4,FREESHIP,Instagram,1188
ORD2006,2024-01-1,C25967,Tablet,5,341.96,747,Debit Card,Delivered,TRK88559,6,,Email,1709.8
ORD2006,2023-09-2,C22123,Tablet,1,672.89,519,Credit Car ,Pending,TRK43250,1,WINTER15,Email,672.89
ORD2006,2024-03-0,C45671,Tablet,2,657.48,769,Online,Shipped,TRK18179,5,SAVE10,Referral,1314.96
ORD2006,2023-08-0,C53334,Chair,3,498.68,879,Online,Returned,TRK31724,4,FREESHIP,Email,1496.04
ORD2006,2023-03-2,C18717,Printer,5,558.63,861,Cash,Pending,TRK58568,8,FREESHIP,Referral,2793.15
ORD2006,2023-07-0,C50137,Phone,3,19.73,840,Online,Pending,TRK91836,3,,Referral,59.19
ORD2006,2023-06-2,C51481,Monitor,5,248.84,140,Debit Card,Cancelled,TRK33437,10,,Instagram,1244.2
ORD2006,2024-08-3,C99128,Chair,3,46.11,360,Gift Card,Returned,TRK32426,5,WINTER15,Referral,138.33
ORD2006,2023-05-0,C67260,Laptop,5,678.16,463,Gift Card,Delivered,TRK38229,7,WINTER15,Facebook,3390.8
ORD2006,2024-04-1,C79533,Laptop,5,601.72,921,Gift Card,Cancelled,TRK54711,5,WINTER15,Instagram,3008.6
ORD2006,2024-04-2,C66906,Printer,2,259.32,117,Gift Card,Delivered,TRK31633,2,WINTER15,Referral,518.64
ORD2006,2023-12-1,C12818,Chair,3,63.68,434,Cash,Returned,TRK40879,6,,Facebook,191.04
ORD2006,2023-10-0,C60384,Laptop,4,371.07,336,Cash,Cancelled,TRK92080,7,WINTER15,Facebook,1484.28
ORD2006,2024-09-2,C92294,Chair,4,306.35,784,Gift Card,Shipped,TRK23585,7,WINTER15,Referral,1225.4
ORD2006,2023-10-1,C66840,Tablet,4,578.27,547,Online,Delivered,TRK76929,9,WINTER15,Email,2313.08
ORD2006,2023-01-2,C22534,Chair,1,529.19,391,Cash,Cancelled,TRK17415,5,,Referral,529.19
ORD20064,2024-02-2,C46509,Chair,2,587.49,647,Gift Card,Returned,TRK24241,6,SAVE10,Referral,1174.98
ORD20064,2024-06-3,C71680,Printer,4,567.57,814,Debit Card,Pending,TRK47386,9,WINTER15,Google,2270.28
ORD20064,2024-04-2,C15063,Chair,5,85.22,527,Credit Car ,Cancelled,TRK10329,7,FREESHIP,Email,426.1
ORD20064,2024-08-2,C77122,Laptop,1,438.37,647,Cash,Cancelled,TRK75814,4,SAVE10,Referral,438.37
ORD20064,2023-11-1,C86524,Chair,2,366.23,961,Cash,Shipped,TRK62490,2,WINTER15,Email,732.46
ORD20064,2023-01-0,C82990,Laptop,2,150.05,727,Credit Car ,Cancelled,TRK68574,4,SAVE10,Facebook,300.1
ORD20064,2023-10-2,C98761,Chair,4,498.51,804,Debit Card,Shipped,TRK43262,4,SAVE10,Google,1994.04
ORD20064,2025-04-2,C54409,Desk,3,339.39,667,Cash,Returned,TRK67671,7,FREESHIP,Google,1018.17
ORD20064,2025-01-1,C89674,Monitor,2,575.83,182,Online,Delivered,TRK45902,3,WINTER15,Referral,1151.66
ORD20064,2023-12-2,C45899,Monitor,2,642.98,153,Debit Card,Returned,TRK32932,7,FREESHIP,Email,1285.96
ORD2006,2023-05-1,C74499,Desk,2,372.23,518,Gift Card,Delivered,TRK93767,7,SAVE10,Email,744.46
ORD2006,2024-11-1,C81192,Chair,3,646.34,429,Debit Card,Pending,TRK76931,5,,Google,1939.02
ORD2006,2024-06-0,C71473,Chair,5,341.84,328,Online,Shipped,TRK94857,8,FREESHIP,Instagram,1709.2
ORD2006,2024-02-2,C59338,Printer,3,690.3,747,Credit Car ,Shipped,TRK12902,6,WINTER15,Google,2070.9
ORD2006,2023-06-1,C62661,Tablet,3,382.37,863,Debit Card,Returned,TRK25748,8,,Instagram,1147.11
ORD2006,2023-03-1,C22101,Chair,2,132.6,262,Debit Card,Cancelled,TRK70711,4,WINTER15,Email,265.2
ORD2006,2024-01-1,C51404,Monitor,2,189.06,835,Gift Card,Shipped,TRK85682,7,SAVE10,Facebook,378.12
ORD2006,2023-12-2,C19384,Tablet,4,87.79,532,Cash,Cancelled,TRK33207,6,FREESHIP,Instagram,351.16
ORD2006,2025-04-1,C86864,Printer,2,46.36,670,Gift Card,Returned,TRK15323,4,SAVE10,Google,92.72
ORD2006,2024-10-2,C24301,Phone,2,642.04,964,Gift Card,Delivered,TRK55000,4,WINTER15,Email,1284.08
ORD2006,2024-10-1,C43842,Chair,2,651.57,933,Debit Card,Shipped,TRK54084,7,WINTER15,Facebook,1303.14
ORD2006,2025-02-2,C63657,Tablet,3,424.89,116,Debit Card,Cancelled,TRK86378,6,FREESHIP,Google,1274.67
ORD2006,2023-01-2,C98332,Laptop,3,438.89,985,Cash,Returned,TRK85744,3,,Facebook,1316.67
ORD2006,2024-04-1,C59774,Monitor,1,72.6,941,Debit Card,Cancelled,TRK87635,6,FREESHIP,Instagram,72.6
ORD2006,2024-12-1,C14847,Laptop,4,194.75,188,Cash,Shipped,TRK46492,5,,Facebook,779
ORD2006,2023-05-0,C83653,Tablet,4,231.26,253,Online,Shipped,TRK32619,6,WINTER15,Google,925.04
ORD2006,2024-08-3,C35711,Monitor,4,327.12,788,Credit Car ,Cancelled,TRK45281,4,,Email,1308.48
ORD2006,2023-05-0,C10477,Laptop,1,466.42,172,Gift Card,Pending,TRK41505,5,SAVE10,Email,466.42
ORD2006,2024-07-0,C61257,Monitor,2,253.67,981,Cash,Returned,TRK25226,3,WINTER15,Facebook,507.34
ORD2006,2023-02-0,C60547,Desk,1,257,812,Debit Card,Cancelled,TRK65694,5,,Referral,257
ORD2006,2024-04-1,C14576,Desk,4,539.2,747,Credit Car ,Pending,TRK21637,8,FREESHIP,Google,2156.8
ORD2006,2023-06-1,C49282,Chair,5,50.74,737,Gift Card,Cancelled,TRK88653,7,WINTER15,Google,253.7
ORD2006,2023-05-0,C14017,Phone,2,624.16,984,Debit Card,Shipped,TRK71009,2,SAVE10,Instagram,1248.32
ORD2006,2023-02-2,C46504,Tablet,2,372.92,131,Credit Car ,Delivered,TRK95024,7,SAVE10,Email,745.84
ORD2006,2024-01-0,C56928,Laptop,4,358.75,860,Gift Card,Delivered,TRK57792,9,SAVE10,Facebook,1435
ORD2006,2024-08-0,C97749,Desk,3,342.02,906,Debit Card,Pending,TRK90233,5,,Email,1026.06
ORD2006,2025-06-2,C90431,Laptop,2,422.34,985,Credit Car ,Cancelled,TRK44151,4,FREESHIP,Instagram,844.68
ORD2006,2025-04-0,C56722,Tablet,5,22.07,179,Online,Cancelled,TRK78778,7,FREESHIP,Instagram,110.35
ORD2006,2024-11-2,C40863,Chair,3,163.13,457,Gift Card,Shipped,TRK20553,5,WINTER15,Facebook,489.39
ORD2006,2023-02-0,C40798,Tablet,3,360.66,304,Online,Returned,TRK66106,5,FREESHIP,Instagram,1081.98
ORD20068,2023-08-2,C16702,Monitor,3,463.39,694,Credit Car ,Returned,TRK16953,3,,Facebook,1390.17
ORD20068,2024-01-3,C38262,Tablet,1,155.27,548,Debit Card,Shipped,TRK47300,6,,Email,155.27
ORD20068,2023-07-2,C50274,Monitor,3,509.42,449,Credit Car ,Cancelled,TRK91729,5,FREESHIP,Google,1528.26
ORD20068,2025-05-1,C91591,Desk,4,652.48,887,Cash,Pending,TRK23554,5,FREESHIP,Instagram,2609.92
ORD20068,2024-09-2,C96583,Printer,4,34.84,288,Credit Car ,Shipped,TRK64353,8,,Email,139.36
ORD20068,2025-02-0,C64579,Desk,1,234.37,638,Debit Card,Shipped,TRK10276,5,FREESHIP,Email,234.37
ORD20068,2023-10-0,C41903,Desk,3,53.6,525,Cash,Pending,TRK59112,4,WINTER15,Facebook,160.8
ORD20068,2023-09-1,C19742,Tablet,1,332.09,408,Gift Card,Returned,TRK68845,5,FREESHIP,Instagram,332.09
ORD20068,2024-03-0,C20077,Monitor,4,593.22,154,Credit Car ,Cancelled,TRK36415,8,WINTER15,Facebook,2372.88
ORD20068,2023-08-2,C13186,Tablet,2,444.84,787,Online,Shipped,TRK56967,7,,Facebook,889.68
ORD20069,2024-07-1,C29318,Monitor,1,24.48,128,Gift Card,Returned,TRK88666,1,,Instagram,24.48
ORD20069,2024-11-2,C36137,Laptop,3,239.08,396,Cash,Shipped,TRK57376,8,,Google,717.24
ORD20069,2023-01-2,C25534,Desk,5,196.84,319,Credit Car ,Delivered,TRK68347,5,WINTER15,Instagram,984.2
ORD20069,2025-03-1,C62070,Monitor,1,176.58,674,Debit Card,Returned,TRK10267,4,,Referral,176.58
ORD20069,2023-10-0,C92049,Printer,4,666.52,619,Cash,Shipped,TRK32287,8,FREESHIP,Email,2666.08
ORD20069,2024-11-2,C52604,Printer,5,101.3,553,Online,Shipped,TRK48839,7,FREESHIP,Email,506.5
ORD20069,2023-07-0,C22429,Chair,4,151.2,965,Gift Card,Pending,TRK38572,9,WINTER15,Facebook,604.8
ORD20069,2025-02-0,C27430,Printer,5,94.85,788,Cash,Shipped,TRK45025,6,WINTER15,Email,474.25
ORD20069,2023-01-0,C44366,Laptop,2,388.22,169,Cash,Delivered,TRK48658,2,WINTER15,Instagram,776.44
ORD20069,2023-11-1,C36813,Laptop,3,614.15,897,Gift Card,Cancelled,TRK84088,3,,Facebook,1842.45
ORD20070,2024-09-2,C40201,Laptop,2,92.91,555,Cash,Returned,TRK30198,3,WINTER15,Instagram,185.82
ORD20070,2024-06-2,C75456,Monitor,3,92.22,115,Credit Car ,Delivered,TRK90519,5,FREESHIP,Email,276.66
ORD20070,2024-06-0,C33315,Printer,3,562.55,154,Debit Card,Returned,TRK43589,6,,Email,1687.65
ORD20070,2023-03-2,C89336,Desk,1,92.79,799,Cash,Pending,TRK47665,3,WINTER15,Email,92.79
ORD20070,2023-06-0,C96034,Desk,4,30.27,819,Online,Delivered,TRK87261,9,FREESHIP,Google,121.08
ORD20070,2025-03-3,C50114,Monitor,2,49.08,420,Debit Card,Returned,TRK20214,7,FREESHIP,Instagram,98.16
ORD20070,2025-03-0,C85330,Desk,5,228.09,969,Gift Card,Returned,TRK97693,9,FREESHIP,Facebook,1140.45
ORD20070,2024-11-0,C31761,Chair,4,650.04,989,Gift Card,Cancelled,TRK17628,6,SAVE10,Facebook,2600.16
ORD20070,2025-03-0,C25268,Printer,1,665.11,788,Cash,Pending,TRK20481,3,FREESHIP,Instagram,665.11
ORD20070,2024-12-0,C17132,Desk,1,386.03,855,Online,Pending,TRK37504,4,FREESHIP,Google,386.03
ORD2007,2024-07-2,C48790,Laptop,5,21.54,113,Gift Card,Returned,TRK19086,10,,Google,107.7
ORD2007,2024-07-0,C61070,Tablet,2,475.78,632,Online,Shipped,TRK90764,2,WINTER15,Google,951.56
ORD2007,2024-01-0,C56969,Tablet,2,68.4,993,Gift Card,Pending,TRK10513,7,FREESHIP,Email,136.8
ORD2007,2025-06-2,C65056,Tablet,4,532.49,638,Online,Cancelled,TRK31705,6,SAVE10,Facebook,2129.96
ORD2007,2023-04-2,C84888,Laptop,1,51.73,278,Debit Card,Pending,TRK23612,1,FREESHIP,Facebook,51.73
ORD2007,2024-07-2,C68266,Printer,3,653.63,281,Online,Delivered,TRK96161,7,FREESHIP,Email,1960.89
ORD2007,2024-06-1,C84115,Chair,3,454.29,891,Credit Car ,Pending,TRK25466,4,WINTER15,Google,1362.87
ORD2007,2023-10-1,C50087,Chair,3,122.11,707,Online,Delivered,TRK31143,4,WINTER15,Email,366.33
ORD2007,2023-04-0,C16790,Laptop,4,64.74,718,Gift Card,Cancelled,TRK91791,8,SAVE10,Google,258.96
ORD2007,2024-01-2,C46920,Laptop,2,681.06,703,Debit Card,Shipped,TRK86403,3,FREESHIP,Facebook,1362.12
ORD2007,2023-09-2,C12740,Desk,5,128.95,305,Cash,Pending,TRK98506,10,FREESHIP,Instagram,644.75
ORD2007,2024-03-1,C46557,Desk,2,118.59,890,Credit Car ,Delivered,TRK56110,2,,Email,237.18
ORD2007,2024-11-1,C58156,Printer,1,95.1,516,Gift Card,Pending,TRK49719,1,WINTER15,Instagram,95.1
ORD2007,2023-12-0,C14455,Desk,3,54.95,385,Cash,Returned,TRK50933,8,SAVE10,Referral,164.85
ORD2007,2024-10-1,C63150,Printer,3,136.97,326,Credit Car ,Returned,TRK19348,4,FREESHIP,Referral,410.91
ORD2007,2023-03-1,C95269,Chair,2,194.85,372,Gift Card,Returned,TRK45670,5,,Referral,389.7
ORD2007,2024-10-2,C18105,Laptop,4,583.02,338,Online,Delivered,TRK94006,4,FREESHIP,Facebook,2332.08
ORD2007,2024-09-2,C29063,Chair,5,95.75,379,Online,Shipped,TRK92745,8,SAVE10,Instagram,478.75
ORD2007,2024-07-2,C10154,Desk,4,325.76,827,Gift Card,Shipped,TRK79793,8,WINTER15,Email,1303.04
ORD2007,2023-09-0,C36997,Phone,4,186.41,819,Gift Card,Pending,TRK92794,6,SAVE10,Google,745.64
ORD2007,2025-02-2,C77357,Phone,1,474.6,407,Debit Card,Delivered,TRK91943,4,SAVE10,Email,474.6
ORD2007,2024-06-0,C71310,Printer,5,584.46,308,Credit Car ,Returned,TRK48292,8,,Email,2922.3
ORD2007,2025-03-0,C80987,Laptop,1,132.05,787,Online,Delivered,TRK42187,2,,Google,132.05
ORD2007,2023-12-0,C90757,Tablet,4,494.84,694,Cash,Returned,TRK87991,8,SAVE10,Email,1979.36
ORD2007,2024-01-2,C51898,Printer,4,224.61,630,Credit Car ,Returned,TRK19767,6,WINTER15,Facebook,898.44
ORD2007,2024-06-2,C94508,Monitor,4,44.07,359,Debit Card,Pending,TRK13443,6,,Email,176.28
ORD2007,2024-02-0,C59441,Monitor,5,418.53,696,Credit Car ,Pending,TRK66186,6,FREESHIP,Google,2092.65
ORD2007,2024-01-0,C91029,Phone,4,532.87,972,Cash,Pending,TRK25501,9,FREESHIP,Instagram,2131.48
ORD2007,2025-06-0,C96261,Phone,2,485.37,264,Credit Car ,Shipped,TRK44998,5,SAVE10,Email,970.74
ORD2007,2024-06-1,C35123,Phone,4,386.73,513,Cash,Delivered,TRK58979,4,SAVE10,Facebook,1546.92
ORD20074,2024-07-2,C10892,Desk,2,377.47,433,Cash,Pending,TRK76154,7,,Google,754.94
ORD20074,2025-01-2,C99683,Monitor,5,332.64,945,Gift Card,Delivered,TRK87305,10,,Referral,1663.2
ORD20074,2024-11-3,C41974,Laptop,3,699.93,726,Cash,Returned,TRK48051,7,SAVE10,Google,2099.79
ORD20074,2024-09-3,C23978,Monitor,1,576.35,549,Gift Card,Returned,TRK87090,1,WINTER15,Instagram,576.35
ORD20074,2024-06-1,C10642,Tablet,2,461.37,200,Cash,Delivered,TRK98725,5,SAVE10,Google,922.74
ORD20074,2023-03-0,C73813,Printer,4,111.3,364,Debit Card,Pending,TRK89906,7,FREESHIP,Email,445.2
ORD20074,2025-02-2,C32183,Desk,3,661.89,551,Online,Cancelled,TRK76287,6,WINTER15,Referral,1985.67
ORD20074,2025-03-1,C54277,Tablet,2,259.58,940,Debit Card,Delivered,TRK26500,7,FREESHIP,Instagram,519.16
ORD20074,2024-07-1,C56553,Tablet,3,70.81,249,Credit Car ,Shipped,TRK37667,8,FREESHIP,Referral,212.43
ORD20074,2025-04-1,C17551,Laptop,1,518.39,997,Debit Card,Pending,TRK88797,4,FREESHIP,Instagram,518.39
ORD2007,2023-01-1,C14737,Tablet,4,145.41,637,Credit Car ,Returned,TRK10295,7,FREESHIP,Email,581.64
ORD2007,2023-01-2,C35168,Tablet,2,599.86,455,Gift Card,Pending,TRK76960,7,FREESHIP,Facebook,1199.72
ORD2007,2024-10-0,C82217,Phone,4,429.37,299,Credit Car ,Delivered,TRK33305,8,FREESHIP,Google,1717.48
ORD2007,2024-04-2,C42270,Phone,2,241.49,864,Debit Card,Returned,TRK72697,7,FREESHIP,Instagram,482.98
ORD2007,2025-05-3,C48846,Printer,2,452.05,983,Credit Car ,Returned,TRK52804,3,WINTER15,Email,904.1
ORD2007,2023-06-1,C54160,Desk,3,336.71,658,Credit Car ,Pending,TRK60515,4,,Email,1010.13
ORD2007,2024-06-2,C14080,Phone,1,283.69,202,Gift Card,Shipped,TRK93163,6,,Google,283.69
ORD2007,2024-02-2,C81074,Desk,1,157.72,597,Debit Card,Delivered,TRK91105,2,FREESHIP,Google,157.72
ORD2007,2023-03-2,C69021,Tablet,3,624.84,917,Credit Car ,Cancelled,TRK57148,8,WINTER15,Facebook,1874.52
ORD2007,2023-07-2,C96283,Desk,3,308.01,366,Cash,Pending,TRK91784,3,FREESHIP,Facebook,924.03
ORD2007,2025-02-1,C96636,Desk,1,39.56,283,Debit Card,Cancelled,TRK73324,5,,Google,39.56
ORD2007,2023-06-0,C37235,Desk,4,37.76,217,Debit Card,Delivered,TRK67789,7,,Google,151.04
ORD2007,2024-09-1,C12444,Phone,3,76.96,611,Cash,Returned,TRK97621,8,FREESHIP,Email,230.88
ORD2007,2023-04-0,C79142,Laptop,1,569.96,533,Online,Delivered,TRK30915,4,FREESHIP,Email,569.96
ORD2007,2024-03-1,C35983,Laptop,5,627.43,806,Credit Car ,Cancelled,TRK14016,10,FREESHIP,Email,3137.15
ORD2007,2023-10-0,C36150,Laptop,2,534.91,281,Debit Card,Returned,TRK96249,5,SAVE10,Google,1069.82
ORD2007,2023-01-2,C91454,Printer,2,278.88,494,Debit Card,Pending,TRK99985,3,FREESHIP,Referral,557.76
ORD2007,2025-04-1,C19368,Tablet,2,323.22,517,Credit Car ,Delivered,TRK80436,7,,Instagram,646.44
ORD2007,2023-09-0,C35987,Tablet,5,653.46,165,Cash,Cancelled,TRK28918,9,WINTER15,Email,3267.3
ORD2007,2023-07-0,C13366,Printer,4,678.55,568,Cash,Delivered,TRK98691,5,,Email,2714.2
ORD2007,2024-02-1,C72166,Desk,1,314.38,227,Online,Returned,TRK67733,6,,Google,314.38
ORD2007,2024-06-1,C20357,Phone,3,692.44,272,Debit Card,Cancelled,TRK82236,8,FREESHIP,Google,2077.32
ORD2007,2024-07-2,C33802,Monitor,1,604.87,461,Online,Delivered,TRK25799,4,,Instagram,604.87
ORD2007,2025-06-2,C99205,Phone,2,512.33,415,Cash,Cancelled,TRK48904,7,,Facebook,1024.66
ORD2007,2025-04-1,C29701,Chair,3,20.54,257,Credit Car ,Cancelled,TRK42266,3,FREESHIP,Instagram,61.62
ORD2007,2023-03-0,C73941,Phone,2,625.22,569,Online,Cancelled,TRK22051,5,,Google,1250.44
ORD2007,2023-08-2,C69168,Tablet,1,21.19,482,Cash,Returned,TRK10446,5,WINTER15,Google,21.19
ORD2007,2025-03-2,C66116,Chair,5,64.49,633,Online,Cancelled,TRK41967,7,,Facebook,322.45
ORD2007,2023-04-2,C85059,Laptop,4,246.85,316,Credit Car ,Shipped,TRK56503,8,WINTER15,Google,987.4
ORD2007,2023-12-0,C18076,Phone,3,588.74,751,Debit Card,Pending,TRK26661,8,FREESHIP,Email,1766.22
ORD20078,2024-03-3,C41284,Laptop,4,184.48,661,Online,Cancelled,TRK73613,4,WINTER15,Google,737.92
ORD20078,2024-01-1,C43524,Phone,5,524.26,934,Gift Card,Delivered,TRK51479,5,FREESHIP,Referral,2621.3
ORD20078,2024-08-1,C58063,Monitor,2,493.63,167,Online,Returned,TRK50548,6,SAVE10,Referral,987.26
ORD20078,2025-05-2,C19937,Printer,1,438.34,281,Gift Card,Returned,TRK46990,5,FREESHIP,Facebook,438.34
ORD20078,2025-05-1,C21191,Laptop,1,325.81,232,Credit Car ,Pending,TRK85771,1,WINTER15,Referral,325.81
ORD20078,2023-07-2,C45862,Chair,1,176.1,342,Credit Car ,Pending,TRK53089,1,SAVE10,Instagram,176.1
ORD20078,2023-08-2,C39130,Chair,5,45.31,774,Online,Cancelled,TRK99583,8,,Referral,226.55
ORD20078,2024-03-1,C18167,Desk,4,221.96,193,Cash,Delivered,TRK36841,7,,Google,887.84
ORD20078,2023-11-0,C47307,Chair,2,601.43,761,Online,Pending,TRK43516,5,FREESHIP,Instagram,1202.86
ORD20078,2023-08-1,C57276,Tablet,5,691.28,183,Online,Delivered,TRK75899,10,SAVE10,Email,3456.4
ORD20079,2024-09-1,C38928,Laptop,4,417.89,302,Gift Card,Pending,TRK96636,4,,Google,1671.56
ORD20079,2024-01-1,C49710,Chair,4,409.28,956,Cash,Pending,TRK92591,8,,Email,1637.12
ORD20079,2023-06-1,C41709,Desk,2,356.35,746,Debit Card,Returned,TRK90995,6,WINTER15,Facebook,712.7
ORD20079,2024-04-1,C91255,Chair,5,170.22,769,Debit Card,Delivered,TRK69599,8,,Referral,851.1
ORD20079,2023-03-0,C76653,Printer,4,384.85,988,Online,Delivered,TRK77052,9,FREESHIP,Instagram,1539.4
ORD20079,2024-11-2,C95667,Laptop,4,115.77,586,Online,Pending,TRK41266,7,SAVE10,Instagram,463.08
ORD20079,2025-04-2,C33313,Phone,3,579.55,882,Gift Card,Returned,TRK13349,8,WINTER15,Facebook,1738.65
ORD20079,2023-02-2,C36825,Laptop,2,438.76,426,Debit Card,Returned,TRK72557,2,,Facebook,877.52
ORD20079,2025-05-1,C20861,Phone,5,488.35,968,Debit Card,Returned,TRK89372,9,FREESHIP,Email,2441.75
ORD20079,2023-04-1,C26364,Laptop,4,328.56,803,Debit Card,Returned,TRK78924,4,FREESHIP,Email,1314.24
ORD20080,2025-03-2,C34686,Tablet,1,68.39,412,Online,Returned,TRK99468,3,WINTER15,Facebook,68.39
ORD20080,2023-05-0,C97593,Printer,4,595.62,738,Debit Card,Pending,TRK58443,8,FREESHIP,Facebook,2382.48
ORD20080,2024-02-1,C84331,Chair,5,644.64,205,Gift Card,Cancelled,TRK34440,6,FREESHIP,Email,3223.2
ORD20080,2023-08-2,C88775,Monitor,5,397.81,223,Debit Card,Returned,TRK45098,5,SAVE10,Referral,1989.05
ORD20080,2024-01-0,C76362,Chair,3,236.5,916,Online,Delivered,TRK11868,8,FREESHIP,Email,709.5
ORD20080,2024-10-1,C59278,Laptop,5,472.01,178,Gift Card,Cancelled,TRK14590,10,SAVE10,Email,2360.05
ORD20080,2023-09-0,C55819,Chair,5,253.75,740,Online,Pending,TRK13775,9,WINTER15,Instagram,1268.75
ORD20080,2024-11-1,C82344,Monitor,3,676.21,260,Online,Delivered,TRK70957,5,SAVE10,Google,2028.63
ORD20080,2024-02-1,C65565,Desk,3,134.05,192,Credit Car ,Shipped,TRK80383,3,,Google,402.15
ORD20080,2024-04-0,C80416,Desk,5,217.43,752,Debit Card,Shipped,TRK54385,10,SAVE10,Instagram,1087.15
ORD2008,2023-05-3,C23637,Tablet,1,553.56,644,Credit Car ,Cancelled,TRK16749,5,,Referral,553.56
ORD2008,2023-11-0,C24769,Laptop,2,28.55,864,Gift Card,Shipped,TRK44538,7,SAVE10,Email,57.1
ORD2008,2024-01-2,C81547,Phone,2,255.26,803,Credit Car ,Cancelled,TRK88437,6,FREESHIP,Google,510.52
ORD2008,2025-03-1,C12813,Laptop,5,292.54,263,Debit Card,Cancelled,TRK36131,8,FREESHIP,Email,1462.7
ORD2008,2024-12-1,C50732,Chair,4,147.51,979,Debit Card,Pending,TRK21082,4,WINTER15,Instagram,590.04
ORD2008,2024-08-0,C41320,Printer,3,569.84,920,Gift Card,Cancelled,TRK77539,8,WINTER15,Instagram,1709.52
ORD2008,2024-02-2,C55286,Tablet,5,574.79,497,Credit Car ,Pending,TRK39058,8,WINTER15,Referral,2873.95
ORD2008,2023-10-0,C87994,Chair,4,598.19,430,Credit Car ,Delivered,TRK98883,7,WINTER15,Email,2392.76
ORD2008,2023-03-0,C25580,Phone,4,390.84,860,Credit Car ,Cancelled,TRK58781,9,WINTER15,Referral,1563.36
ORD2008,2024-09-2,C66196,Phone,2,398.45,650,Debit Card,Cancelled,TRK38104,7,SAVE10,Google,796.9
ORD2008,2023-05-2,C35377,Phone,5,623.81,171,Cash,Returned,TRK17342,6,FREESHIP,Email,3119.05
ORD2008,2024-12-1,C40771,Laptop,4,174.49,259,Credit Car ,Delivered,TRK56310,5,SAVE10,Facebook,697.96
ORD2008,2025-03-1,C20624,Phone,1,479.56,923,Gift Card,Returned,TRK45123,1,SAVE10,Google,479.56
ORD2008,2024-10-0,C27070,Laptop,4,653.13,973,Credit Car ,Shipped,TRK83842,8,WINTER15,Instagram,2612.52
ORD2008,2023-08-2,C18826,Monitor,3,481.1,664,Credit Car ,Returned,TRK12530,3,FREESHIP,Facebook,1443.3
ORD2008,2025-03-2,C23899,Desk,5,271.69,543,Online,Returned,TRK88914,7,FREESHIP,Instagram,1358.45
ORD2008,2025-03-0,C43249,Printer,3,463.81,283,Online,Returned,TRK32469,8,WINTER15,Email,1391.43
ORD2008,2023-05-2,C95856,Tablet,2,639.88,432,Cash,Delivered,TRK58829,5,WINTER15,Instagram,1279.76
ORD2008,2024-07-2,C86266,Chair,4,404.58,510,Cash,Shipped,TRK64576,5,FREESHIP,Instagram,1618.32
ORD2008,2023-02-0,C39551,Monitor,1,76.93,685,Debit Card,Delivered,TRK68358,6,WINTER15,Instagram,76.93
ORD2008,2024-12-1,C90310,Tablet,4,190.64,853,Cash,Delivered,TRK70028,5,SAVE10,Email,762.56
ORD2008,2023-12-1,C20124,Printer,2,88.73,140,Online,Pending,TRK61346,5,,Google,177.46
ORD2008,2024-03-1,C63372,Chair,5,485.71,903,Online,Pending,TRK14661,10,SAVE10,Referral,2428.55
ORD2008,2025-03-1,C90595,Phone,5,78.29,508,Credit Car ,Shipped,TRK96573,5,WINTER15,Referral,391.45
ORD2008,2024-04-1,C98483,Printer,5,22.14,456,Cash,Returned,TRK22084,10,,Instagram,110.7
ORD2008,2024-03-2,C16429,Desk,1,679.65,390,Debit Card,Shipped,TRK73888,6,FREESHIP,Google,679.65
ORD2008,2023-02-0,C31810,Phone,1,178.44,328,Credit Car ,Cancelled,TRK58725,2,FREESHIP,Google,178.44
ORD2008,2025-06-1,C88029,Chair,5,655.55,282,Online,Delivered,TRK59701,5,,Email,3277.75
ORD2008,2024-04-1,C57798,Desk,4,577.08,384,Online,Pending,TRK68797,8,,Facebook,2308.32
ORD2008,2023-08-2,C82858,Chair,3,197.97,551,Online,Cancelled,TRK90618,5,,Google,593.91
ORD20084,2024-01-1,C60699,Chair,3,411.95,672,Credit Car ,Delivered,TRK88660,7,FREESHIP,Referral,1235.85
ORD20084,2024-09-1,C94658,Printer,2,443.22,742,Credit Car ,Delivered,TRK51732,5,,Facebook,886.44
ORD20084,2025-05-0,C78305,Laptop,3,364.14,396,Online,Pending,TRK88312,7,WINTER15,Referral,1092.42
ORD20084,2025-05-1,C43538,Desk,3,430.06,534,Gift Card,Cancelled,TRK20961,8,FREESHIP,Instagram,1290.18
ORD20084,2024-12-0,C47486,Chair,1,320.92,883,Online,Returned,TRK75984,5,FREESHIP,Facebook,320.92
ORD20084,2023-10-0,C24212,Phone,3,107.36,808,Gift Card,Delivered,TRK68894,5,FREESHIP,Google,322.08
ORD20084,2024-07-0,C24765,Desk,2,359.86,646,Debit Card,Cancelled,TRK43977,4,,Referral,719.72
ORD20084,2024-11-1,C48176,Printer,4,434.23,670,Online,Shipped,TRK90560,8,FREESHIP,Email,1736.92
ORD20084,2023-01-0,C54675,Chair,2,645.85,634,Online,Shipped,TRK18049,5,,Referral,1291.7
ORD20084,2025-06-0,C16675,Printer,4,214.35,664,Debit Card,Cancelled,TRK12756,7,WINTER15,Referral,857.4
ORD2008,2025-04-2,C38557,Monitor,3,638.5,890,Debit Card,Cancelled,TRK14832,4,FREESHIP,Instagram,1915.5
ORD2008,2023-12-1,C80183,Laptop,1,365.57,146,Online,Cancelled,TRK20814,5,SAVE10,Email,365.57
ORD2008,2024-10-2,C39530,Desk,3,568.05,618,Gift Card,Pending,TRK69000,6,SAVE10,Google,1704.15
ORD2008,2023-10-1,C10002,Printer,3,490.01,894,Cash,Returned,TRK94641,4,SAVE10,Facebook,1470.03
ORD2008,2025-06-1,C56938,Laptop,3,372.6,356,Credit Car ,Delivered,TRK67735,7,WINTER15,Referral,1117.8
ORD2008,2023-05-2,C41331,Monitor,5,240.61,785,Credit Car ,Shipped,TRK94198,10,FREESHIP,Email,1203.05
ORD2008,2024-06-0,C94698,Phone,1,586.62,871,Debit Card,Shipped,TRK95768,5,,Facebook,586.62
ORD2008,2024-03-1,C56506,Phone,3,257.84,185,Online,Delivered,TRK86808,4,,Instagram,773.52
ORD2008,2023-08-2,C22167,Tablet,5,435.66,891,Online,Pending,TRK70269,9,,Facebook,2178.3
ORD2008,2024-08-2,C11127,Chair,5,261.33,154,Credit Car ,Returned,TRK73285,5,SAVE10,Referral,1306.65
ORD2008,2024-01-2,C69542,Printer,1,422.54,876,Cash,Delivered,TRK20746,1,SAVE10,Google,422.54
ORD2008,2023-03-1,C93276,Desk,5,330.45,230,Gift Card,Shipped,TRK44165,10,FREESHIP,Google,1652.25
ORD2008,2023-12-0,C37969,Desk,3,120.82,799,Credit Car ,Shipped,TRK69852,5,SAVE10,Referral,362.46
ORD2008,2024-05-2,C98276,Phone,1,14.06,471,Credit Car ,Pending,TRK74207,5,SAVE10,Referral,14.06
ORD2008,2023-05-0,C14240,Desk,1,491.11,592,Credit Car ,Delivered,TRK58095,4,SAVE10,Facebook,491.11
ORD2008,2023-04-3,C72241,Monitor,4,677.37,156,Cash,Pending,TRK76270,8,SAVE10,Google,2709.48
ORD2008,2024-07-2,C39664,Desk,5,189.25,693,Debit Card,Cancelled,TRK39917,10,WINTER15,Email,946.25
ORD2008,2024-05-2,C53252,Printer,4,142.58,351,Cash,Delivered,TRK65831,4,FREESHIP,Facebook,570.32
ORD2008,2024-06-2,C70452,Monitor,4,316.32,309,Debit Card,Delivered,TRK42985,7,,Facebook,1265.28
ORD2008,2024-03-1,C29905,Desk,2,533.95,790,Online,Delivered,TRK16788,5,WINTER15,Google,1067.9
ORD2008,2025-06-0,C78725,Phone,4,470.09,541,Debit Card,Delivered,TRK72001,4,FREESHIP,Google,1880.36
ORD2008,2024-05-1,C93768,Tablet,3,324.3,720,Debit Card,Pending,TRK22024,8,FREESHIP,Email,972.9
ORD2008,2023-07-1,C59169,Chair,4,629.34,172,Cash,Shipped,TRK90883,7,,Email,2517.36
ORD2008,2024-05-1,C53488,Desk,3,136.84,448,Cash,Delivered,TRK27365,3,SAVE10,Facebook,410.52
ORD2008,2023-10-3,C92180,Chair,2,488.9,632,Cash,Delivered,TRK93315,7,FREESHIP,Facebook,977.8
ORD2008,2023-08-0,C25918,Laptop,5,133.39,203,Credit Car ,Delivered,TRK66473,6,FREESHIP,Referral,666.95
ORD2008,2024-06-0,C90363,Chair,5,608.91,200,Gift Card,Pending,TRK21534,6,SAVE10,Google,3044.55
ORD2008,2024-07-2,C43867,Tablet,1,524.06,269,Debit Card,Pending,TRK97319,3,FREESHIP,Email,524.06
ORD2008,2023-06-0,C73873,Desk,2,330.69,393,Online,Cancelled,TRK56423,5,SAVE10,Google,661.38
ORD2008,2025-04-0,C56622,Phone,2,547.67,932,Gift Card,Shipped,TRK86373,3,,Instagram,1095.34
ORD20088,2025-03-1,C85074,Laptop,4,233.7,506,Online,Shipped,TRK63133,8,SAVE10,Facebook,934.8
ORD20088,2023-01-0,C59579,Tablet,2,448.85,386,Credit Car ,Pending,TRK48000,6,,Instagram,897.7
ORD20088,2025-06-2,C43335,Phone,2,274.12,533,Cash,Delivered,TRK91848,6,FREESHIP,Referral,548.24
ORD20088,2025-05-1,C43595,Printer,5,561.48,451,Online,Delivered,TRK25317,9,FREESHIP,Facebook,2807.4
ORD20088,2024-05-1,C71471,Chair,1,595.54,817,Gift Card,Shipped,TRK52137,4,,Instagram,595.54
ORD20088,2024-04-0,C61090,Laptop,4,515.59,387,Credit Car ,Shipped,TRK36388,7,FREESHIP,Google,2062.36
ORD20088,2023-10-2,C29620,Phone,1,460.13,792,Credit Car ,Returned,TRK22046,1,,Google,460.13
ORD20088,2024-12-1,C67932,Chair,3,171.66,857,Debit Card,Delivered,TRK88547,7,,Google,514.98
ORD20088,2024-07-2,C14427,Laptop,2,266.95,833,Credit Car ,Pending,TRK58024,3,,Instagram,533.9
ORD20088,2024-10-2,C36725,Monitor,5,650.72,350,Credit Car ,Cancelled,TRK16808,8,WINTER15,Email,3253.6
ORD20089,2023-08-1,C51921,Laptop,3,439.53,943,Debit Card,Pending,TRK85741,5,,Google,1318.59
ORD20089,2023-11-1,C36534,Monitor,3,654.54,918,Cash,Returned,TRK38952,7,SAVE10,Referral,1963.62
ORD20089,2024-06-0,C72043,Desk,1,394.53,480,Cash,Shipped,TRK40896,2,FREESHIP,Referral,394.53
ORD20089,2023-03-2,C99533,Monitor,1,678.01,696,Cash,Pending,TRK55701,4,FREESHIP,Referral,678.01
ORD20089,2023-05-2,C90852,Tablet,3,575.01,852,Online,Cancelled,TRK37551,8,WINTER15,Instagram,1725.03
ORD20089,2023-11-0,C81882,Chair,3,154.64,832,Debit Card,Pending,TRK62371,6,WINTER15,Facebook,463.92
ORD20089,2024-10-1,C85466,Desk,3,147.29,102,Gift Card,Shipped,TRK66764,3,FREESHIP,Google,441.87
ORD20089,2024-09-0,C87995,Laptop,4,481.48,358,Gift Card,Delivered,TRK38730,5,SAVE10,Instagram,1925.92
ORD20089,2025-03-0,C44619,Monitor,3,158.37,742,Cash,Shipped,TRK66662,6,,Referral,475.11
ORD20089,2025-04-2,C99904,Printer,2,323.37,552,Online,Pending,TRK83843,3,SAVE10,Instagram,646.74
ORD20090,2025-02-0,C52342,Laptop,5,73.83,991,Debit Card,Pending,TRK67342,9,,Instagram,369.15
ORD20090,2024-04-2,C44277,Tablet,1,458.63,839,Debit Card,Returned,TRK79321,4,WINTER15,Referral,458.63
ORD20090,2024-07-1,C61162,Monitor,4,180.25,813,Debit Card,Cancelled,TRK76712,7,,Facebook,721
ORD20090,2023-05-1,C80868,Monitor,3,473.49,205,Credit Car ,Pending,TRK56186,7,,Email,1420.47
ORD20090,2025-02-0,C16693,Monitor,4,237.43,262,Cash,Cancelled,TRK41146,8,WINTER15,Referral,949.72
ORD20090,2023-11-2,C67818,Laptop,1,442.39,101,Gift Card,Pending,TRK81978,6,FREESHIP,Facebook,442.39
ORD20090,2024-09-0,C49938,Monitor,1,62.12,141,Cash,Returned,TRK80175,2,,Email,62.12
ORD20090,2024-08-0,C90898,Desk,5,298.39,583,Gift Card,Cancelled,TRK52935,7,WINTER15,Referral,1491.95
ORD20090,2025-05-0,C35117,Desk,2,697.93,332,Credit Car ,Cancelled,TRK27155,2,SAVE10,Google,1395.86
ORD20090,2024-05-2,C60203,Tablet,2,291.85,569,Cash,Shipped,TRK76525,5,FREESHIP,Instagram,583.7
ORD2009,2024-05-3,C36174,Printer,3,308.98,348,Cash,Delivered,TRK26397,3,SAVE10,Instagram,926.94
ORD2009,2024-08-1,C80872,Desk,5,396.86,593,Cash,Cancelled,TRK43967,9,SAVE10,Instagram,1984.3
ORD2009,2024-01-2,C67604,Desk,2,139.69,318,Online,Returned,TRK85545,7,FREESHIP,Email,279.38
ORD2009,2023-02-1,C45599,Printer,5,475.95,505,Credit Car ,Returned,TRK62277,8,WINTER15,Facebook,2379.75
ORD2009,2025-02-1,C70352,Desk,1,626.6,955,Gift Card,Returned,TRK51589,4,WINTER15,Facebook,626.6
ORD2009,2024-02-1,C20643,Laptop,4,502.99,939,Debit Card,Shipped,TRK30736,4,WINTER15,Referral,2011.96
ORD2009,2024-06-2,C35669,Printer,5,578.83,165,Cash,Returned,TRK13928,6,,Referral,2894.15
ORD2009,2025-01-2,C65524,Laptop,5,383.82,836,Credit Car ,Returned,TRK19315,7,FREESHIP,Google,1919.1
ORD2009,2025-06-2,C74359,Laptop,5,368.25,706,Online,Delivered,TRK18250,5,,Instagram,1841.25
ORD2009,2025-02-0,C92086,Printer,2,374.6,187,Online,Shipped,TRK23357,3,FREESHIP,Referral,749.2
ORD2009,2025-03-1,C26137,Tablet,2,428.09,978,Credit Car ,Returned,TRK98110,6,,Instagram,856.18
ORD2009,2023-07-2,C90573,Tablet,1,438.93,144,Gift Card,Cancelled,TRK90075,3,SAVE10,Referral,438.93
ORD2009,2024-06-1,C81857,Desk,2,563.82,487,Credit Car ,Pending,TRK79737,3,,Instagram,1127.64
ORD2009,2023-02-1,C91582,Printer,3,649.93,836,Credit Car ,Pending,TRK99938,7,WINTER15,Facebook,1949.79
ORD2009,2025-03-2,C81319,Printer,5,268.43,991,Cash,Returned,TRK55330,5,SAVE10,Email,1342.15
ORD2009,2024-12-2,C78500,Monitor,5,502.47,304,Online,Shipped,TRK97460,10,WINTER15,Email,2512.35
ORD2009,2024-03-2,C67533,Desk,1,26.95,672,Cash,Delivered,TRK14566,1,WINTER15,Email,26.95
ORD2009,2023-02-1,C35566,Laptop,4,64.69,638,Debit Card,Shipped,TRK10003,7,WINTER15,Google,258.76
ORD2009,2024-05-0,C77166,Laptop,3,247.11,821,Debit Card,Returned,TRK18896,3,WINTER15,Referral,741.33
ORD2009,2024-10-1,C67936,Tablet,2,536.25,553,Debit Card,Pending,TRK71803,3,,Email,1072.5
ORD2009,2024-12-1,C59554,Phone,2,456.04,382,Debit Card,Returned,TRK28182,4,FREESHIP,Email,912.08
ORD2009,2024-01-0,C14005,Printer,2,40.23,623,Credit Car ,Cancelled,TRK87567,4,SAVE10,Google,80.46
ORD2009,2023-03-2,C26118,Laptop,2,72.39,168,Online,Delivered,TRK15334,7,WINTER15,Instagram,144.78
ORD2009,2023-01-2,C59685,Monitor,2,394.16,255,Online,Shipped,TRK43718,2,,Referral,788.32
ORD2009,2025-06-0,C40304,Laptop,4,119.84,692,Gift Card,Shipped,TRK85790,8,FREESHIP,Referral,479.36
ORD2009,2023-11-2,C39593,Phone,3,692.71,398,Credit Car ,Delivered,TRK62405,3,FREESHIP,Instagram,2078.13
ORD2009,2024-01-1,C50612,Chair,4,56.66,737,Online,Delivered,TRK44140,4,SAVE10,Instagram,226.64
ORD2009,2024-01-1,C39791,Chair,2,298.53,536,Debit Card,Cancelled,TRK46221,5,WINTER15,Email,597.06
ORD2009,2023-07-1,C39017,Chair,3,331.46,696,Credit Car ,Cancelled,TRK91155,6,WINTER15,Referral,994.38
ORD2009,2025-04-1,C48510,Laptop,2,521.4,212,Cash,Delivered,TRK53152,7,SAVE10,Instagram,1042.8
ORD20094,2023-03-2,C74003,Printer,4,305.32,679,Online,Cancelled,TRK91525,4,SAVE10,Google,1221.28
ORD20094,2023-07-1,C91155,Printer,5,111.7,599,Credit Car ,Cancelled,TRK82162,9,FREESHIP,Email,558.5
ORD20094,2023-09-2,C17591,Tablet,1,479.76,882,Credit Car ,Pending,TRK56070,1,,Email,479.76
ORD20094,2023-12-2,C43330,Monitor,3,193.49,355,Gift Card,Returned,TRK71594,6,FREESHIP,Facebook,580.47
ORD20094,2024-12-1,C32687,Laptop,2,426.22,448,Online,Delivered,TRK98284,7,WINTER15,Google,852.44
ORD20094,2023-08-2,C79722,Tablet,5,276.44,619,Gift Card,Shipped,TRK29976,10,FREESHIP,Referral,1382.2
ORD20094,2024-05-0,C65021,Phone,2,404.96,546,Cash,Shipped,TRK20626,4,SAVE10,Email,809.92
ORD20094,2023-09-0,C85520,Phone,4,465.66,119,Online,Returned,TRK65994,9,FREESHIP,Email,1862.64
ORD20094,2024-06-2,C94569,Phone,2,594.07,739,Gift Card,Cancelled,TRK79269,2,,Google,1188.14
ORD20094,2023-11-0,C55778,Desk,5,110.38,319,Cash,Pending,TRK93797,10,,Referral,551.9
ORD2009,2024-05-3,C19722,Laptop,1,596.24,891,Credit Car ,Returned,TRK78094,4,FREESHIP,Instagram,596.24
ORD2009,2024-07-2,C74928,Printer,2,306.24,589,Online,Returned,TRK39845,4,FREESHIP,Email,612.48
ORD2009,2025-02-2,C49111,Monitor,3,503.39,225,Online,Pending,TRK45303,5,,Facebook,1510.17
ORD2009,2023-02-0,C43721,Phone,1,131.61,971,Cash,Shipped,TRK89392,2,FREESHIP,Facebook,131.61
ORD2009,2024-10-2,C68609,Chair,3,443.44,240,Gift Card,Shipped,TRK58273,3,FREESHIP,Google,1330.32
ORD2009,2023-01-2,C82068,Chair,1,408.13,164,Gift Card,Shipped,TRK25779,3,WINTER15,Instagram,408.13
ORD2009,2024-04-1,C21191,Phone,2,160.98,381,Debit Card,Delivered,TRK86246,3,SAVE10,Referral,321.96
ORD2009,2023-01-1,C73575,Monitor,5,643.89,851,Cash,Returned,TRK23387,8,WINTER15,Facebook,3219.45
ORD2009,2023-05-1,C82685,Desk,3,158.66,537,Gift Card,Delivered,TRK70184,7,WINTER15,Email,475.98
ORD2009,2024-04-1,C73996,Tablet,2,143.82,856,Credit Car ,Returned,TRK74579,6,SAVE10,Instagram,287.64
ORD2009,2023-12-1,C87687,Laptop,3,379.07,312,Gift Card,Pending,TRK60383,3,WINTER15,Google,1137.21
ORD2009,2024-11-1,C55464,Phone,1,601.36,532,Online,Shipped,TRK81178,1,,Facebook,601.36
ORD2009,2024-09-0,C12459,Phone,2,142.08,838,Gift Card,Delivered,TRK30674,4,SAVE10,Referral,284.16
ORD2009,2024-03-1,C88075,Chair,5,530.34,970,Online,Shipped,TRK42832,9,FREESHIP,Google,2651.7
ORD2009,2023-08-2,C18583,Phone,5,364.42,778,Credit Car ,Cancelled,TRK43084,10,SAVE10,Referral,1822.1
ORD2009,2025-06-1,C70412,Laptop,4,578.28,791,Gift Card,Cancelled,TRK22192,5,FREESHIP,Email,2313.12
ORD2009,2025-05-2,C58503,Monitor,5,280.52,290,Credit Car ,Cancelled,TRK12981,7,WINTER15,Facebook,1402.6
ORD2009,2025-05-0,C52879,Tablet,5,638.92,502,Credit Car ,Returned,TRK67403,5,FREESHIP,Google,3194.6
ORD2009,2024-02-0,C67870,Monitor,4,412.2,664,Credit Car ,Shipped,TRK72602,6,WINTER15,Referral,1648.8
ORD2009,2025-06-0,C19439,Desk,1,440.34,675,Gift Card,Shipped,TRK25383,2,WINTER15,Facebook,440.34
ORD2009,2024-09-0,C72664,Desk,1,627.15,241,Cash,Delivered,TRK86694,5,SAVE10,Instagram,627.15
ORD2009,2024-05-2,C32650,Monitor,2,605.26,934,Cash,Cancelled,TRK66648,4,WINTER15,Referral,1210.52
ORD2009,2024-06-0,C66438,Laptop,1,90.27,816,Cash,Delivered,TRK32035,5,SAVE10,Facebook,90.27
ORD2009,2025-06-0,C70010,Desk,5,230.77,141,Online,Pending,TRK50594,10,WINTER15,Referral,1153.85
ORD2009,2023-09-2,C30722,Desk,5,266.78,274,Gift Card,Cancelled,TRK52088,5,,Email,1333.9
ORD2009,2023-05-1,C70529,Desk,1,105.92,974,Gift Card,Returned,TRK82165,6,SAVE10,Email,105.92
ORD2009,2024-04-0,C18984,Tablet,3,589.3,650,Credit Car ,Returned,TRK49298,6,WINTER15,Referral,1767.9
ORD2009,2023-01-2,C85841,Chair,4,649.47,608,Cash,Pending,TRK99820,8,SAVE10,Google,2597.88
ORD2009,2024-06-2,C41508,Printer,4,107.49,993,Cash,Delivered,TRK61047,5,,Google,429.96
ORD2009,2023-05-3,C75018,Monitor,3,669.06,299,Cash,Delivered,TRK51794,7,SAVE10,Facebook,2007.18
ORD20098,2023-10-1,C84320,Chair,3,69.65,107,Cash,Delivered,TRK81093,7,WINTER15,Instagram,208.95
ORD20098,2023-11-2,C12609,Phone,4,136.83,490,Debit Card,Pending,TRK56379,8,SAVE10,Email,547.32
ORD20098,2024-09-0,C64935,Monitor,1,304.11,707,Gift Card,Shipped,TRK42969,2,SAVE10,Referral,304.11
ORD20098,2024-11-2,C67528,Monitor,4,296.28,110,Gift Card,Shipped,TRK60865,5,SAVE10,Email,1185.12
ORD20098,2025-02-2,C44176,Desk,1,77.64,706,Credit Car ,Shipped,TRK68704,1,FREESHIP,Facebook,77.64
ORD20098,2024-07-2,C92788,Desk,1,243.71,948,Gift Card,Delivered,TRK83835,6,SAVE10,Google,243.71
ORD20098,2024-09-0,C69213,Laptop,4,644.96,533,Credit Car ,Pending,TRK67837,7,FREESHIP,Email,2579.84
ORD20098,2025-06-0,C67387,Phone,5,283.73,436,Gift Card,Pending,TRK54120,8,FREESHIP,Instagram,1418.65
ORD20098,2025-02-0,C90318,Desk,2,629.56,818,Gift Card,Cancelled,TRK52765,5,WINTER15,Instagram,1259.12
ORD20098,2023-03-2,C49995,Laptop,4,246.11,559,Credit Car ,Pending,TRK33212,4,SAVE10,Instagram,984.44
ORD20099,2023-11-1,C52313,Phone,2,418.26,913,Debit Card,Pending,TRK67368,2,SAVE10,Google,836.52
ORD20099,2024-05-0,C10211,Desk,5,127.18,598,Debit Card,Cancelled,TRK68938,10,FREESHIP,Google,635.9
ORD20099,2024-08-2,C97907,Printer,3,586.21,933,Gift Card,Pending,TRK89637,4,WINTER15,Referral,1758.63
ORD20099,2024-04-0,C61384,Monitor,3,267.45,576,Gift Card,Delivered,TRK33323,5,WINTER15,Instagram,802.35
ORD20099,2024-06-2,C27613,Tablet,4,615.65,971,Debit Card,Delivered,TRK63701,9,WINTER15,Google,2462.6
ORD20099,2023-11-1,C99271,Monitor,2,113.29,959,Cash,Pending,TRK87832,5,SAVE10,Facebook,226.58
ORD20099,2024-04-2,C28648,Monitor,4,473.86,101,Debit Card,Delivered,TRK92240,7,SAVE10,Facebook,1895.44
ORD20099,2023-11-2,C26210,Laptop,3,444.75,805,Cash,Delivered,TRK40616,6,SAVE10,Facebook,1334.25
ORD20099,2023-05-1,C90350,Phone,2,183.67,783,Debit Card,Cancelled,TRK22824,6,SAVE10,Google,367.34
ORD20099,2023-12-2,C61957,Printer,1,483.38,652,Cash,Pending,TRK43983,6,FREESHIP,Google,483.38
ORD20100,2023-06-2,C90132,Printer,5,260.93,582,Online,Delivered,TRK52664,9,SAVE10,Email,1304.65
ORD20100,2023-12-0,C31371,Printer,2,253.68,122,Gift Card,Shipped,TRK19554,6,,Referral,507.36
ORD20100,2025-06-1,C83911,Tablet,4,699.88,944,Cash,Pending,TRK33188,5,WINTER15,Referral,2799.52
ORD20100,2023-01-1,C84700,Printer,5,319.97,582,Cash,Shipped,TRK14706,7,SAVE10,Google,1599.85
ORD20100,2025-06-0,C87529,Chair,4,246.91,296,Online,Pending,TRK15739,8,SAVE10,Referral,987.64
ORD20100,2023-03-0,C38065,Printer,3,392.85,426,Credit Car ,Returned,TRK11448,6,,Google,1178.55
ORD20100,2024-05-2,C27435,Tablet,5,420.98,860,Cash,Delivered,TRK91458,7,SAVE10,Facebook,2104.9
ORD20100,2024-03-2,C46651,Monitor,2,73.26,839,Cash,Pending,TRK60444,4,WINTER15,Facebook,146.52
ORD20100,2023-01-1,C62557,Monitor,3,410.88,257,Cash,Delivered,TRK12742,8,FREESHIP,Instagram,1232.64
ORD20100,2023-09-0,C54494,Tablet,2,176.46,696,Credit Car ,Delivered,TRK95958,2,FREESHIP,Email,352.92
ORD2010,2023-03-3,C33729,Monitor,3,659.57,533,Credit Car ,Cancelled,TRK35649,6,SAVE10,Email,1978.71
ORD2010,2024-12-0,C47823,Phone,2,478.36,654,Online,Shipped,TRK22271,3,,Google,956.72
ORD2010,2024-12-0,C84570,Printer,4,30.05,301,Online,Returned,TRK12551,6,,Facebook,120.2
ORD2010,2025-04-2,C91123,Laptop,4,300.56,842,Cash,Cancelled,TRK49568,9,FREESHIP,Facebook,1202.24
ORD2010,2024-02-0,C92548,Tablet,5,226.45,160,Debit Card,Returned,TRK21682,6,FREESHIP,Email,1132.25
ORD2010,2024-01-2,C97454,Printer,2,349.4,892,Online,Shipped,TRK73249,2,SAVE10,Instagram,698.8
ORD2010,2023-12-2,C20257,Tablet,5,268.78,669,Debit Card,Delivered,TRK62135,7,WINTER15,Email,1343.9
ORD2010,2024-08-2,C51694,Chair,2,680.85,953,Gift Card,Delivered,TRK83122,6,FREESHIP,Referral,1361.7
ORD2010,2023-07-0,C77499,Laptop,3,182.48,209,Cash,Delivered,TRK20703,3,,Instagram,547.44
ORD2010,2024-04-0,C28386,Desk,1,277.09,293,Cash,Returned,TRK32954,2,SAVE10,Referral,277.09
ORD2010,2024-04-2,C50211,Tablet,2,26.5,312,Online,Delivered,TRK47787,3,SAVE10,Instagram,53
ORD2010,2023-10-2,C74519,Phone,3,315.27,309,Credit Car ,Cancelled,TRK97351,4,SAVE10,Email,945.81
ORD2010,2025-02-2,C19071,Tablet,3,450.98,396,Credit Car ,Shipped,TRK66537,8,SAVE10,Referral,1352.94
ORD2010,2024-09-2,C65251,Laptop,5,233.67,291,Cash,Shipped,TRK32059,10,,Referral,1168.35
ORD2010,2024-01-2,C90612,Chair,3,367.75,731,Cash,Pending,TRK93022,7,FREESHIP,Facebook,1103.25
ORD2010,2025-05-1,C28406,Chair,1,23.53,174,Gift Card,Delivered,TRK98841,2,FREESHIP,Instagram,23.53
ORD2010,2023-05-0,C55454,Monitor,1,677.48,807,Online,Delivered,TRK13281,1,WINTER15,Facebook,677.48
ORD2010,2024-05-2,C93467,Laptop,4,554.83,983,Cash,Returned,TRK77377,6,,Google,2219.32
ORD2010,2023-02-1,C60042,Desk,4,440.31,610,Cash,Cancelled,TRK84651,6,,Instagram,1761.24
ORD2010,2025-03-0,C44733,Desk,1,87.06,851,Credit Car ,Shipped,TRK41500,4,FREESHIP,Email,87.06
ORD2010,2023-10-0,C61773,Phone,4,245.28,176,Credit Car ,Delivered,TRK12936,6,WINTER15,Email,981.12
ORD2010,2023-02-2,C59183,Phone,5,664.51,136,Debit Card,Pending,TRK18129,8,SAVE10,Email,3322.55
ORD2010,2023-04-2,C26188,Chair,1,618.68,990,Online,Delivered,TRK61634,6,WINTER15,Referral,618.68
ORD2010,2024-12-2,C20338,Monitor,1,370.85,331,Gift Card,Delivered,TRK30654,2,FREESHIP,Referral,370.85
ORD2010,2024-06-1,C84524,Printer,4,517.98,766,Cash,Cancelled,TRK76751,8,FREESHIP,Facebook,2071.92
ORD2010,2023-11-1,C70315,Laptop,4,506.11,911,Cash,Cancelled,TRK97732,5,,Referral,2024.44
ORD2010,2024-05-3,C98278,Phone,3,413.83,552,Gift Card,Shipped,TRK49684,8,SAVE10,Facebook,1241.49
ORD2010,2023-12-1,C32347,Printer,1,249.81,408,Cash,Pending,TRK54073,1,SAVE10,Google,249.81
ORD2010,2025-03-1,C77961,Tablet,3,362.53,422,Debit Card,Returned,TRK28969,5,,Facebook,1087.59
ORD2010,2025-06-2,C49137,Desk,2,299.23,177,Credit Car ,Cancelled,TRK79362,2,WINTER15,Instagram,598.46
ORD20104,2023-11-1,C13169,Tablet,1,536.07,932,Debit Card,Delivered,TRK66288,5,FREESHIP,Google,536.07
ORD20104,2023-02-1,C21167,Monitor,4,558.9,948,Gift Card,Shipped,TRK97737,9,WINTER15,Google,2235.6
ORD20104,2024-12-0,C59724,Tablet,2,409.75,414,Debit Card,Shipped,TRK67878,2,WINTER15,Facebook,819.5
ORD20104,2025-01-1,C43965,Tablet,2,179.96,675,Gift Card,Shipped,TRK94346,5,,Instagram,359.92
ORD20104,2025-06-2,C63018,Printer,1,38.49,215,Credit Car ,Delivered,TRK52335,4,FREESHIP,Referral,38.49
ORD20104,2024-09-2,C11893,Laptop,5,316.4,671,Gift Card,Returned,TRK72012,7,,Email,1582
ORD20104,2024-10-0,C85421,Tablet,3,547.15,466,Online,Shipped,TRK16524,4,WINTER15,Instagram,1641.45
ORD20104,2023-06-2,C81726,Chair,4,540.34,394,Gift Card,Shipped,TRK69872,6,WINTER15,Referral,2161.36
ORD20104,2024-09-0,C57601,Monitor,4,73.65,889,Debit Card,Shipped,TRK21153,9,,Google,294.6
ORD20104,2024-07-1,C60575,Desk,5,391.86,587,Credit Car ,Shipped,TRK44468,6,,Instagram,1959.3
ORD2010,2023-08-2,C70659,Laptop,5,69.7,722,Online,Returned,TRK49663,9,,Instagram,348.5
ORD2010,2025-03-0,C35043,Monitor,5,26.43,820,Gift Card,Shipped,TRK65097,5,FREESHIP,Facebook,132.15
ORD2010,2023-09-1,C12301,Tablet,1,531.74,493,Online,Shipped,TRK25145,1,WINTER15,Google,531.74
ORD2010,2024-09-1,C32798,Phone,2,496.62,679,Online,Pending,TRK37375,2,SAVE10,Instagram,993.24
ORD2010,2023-11-2,C42949,Printer,1,660.66,447,Debit Card,Delivered,TRK46415,3,WINTER15,Instagram,660.66
ORD2010,2023-10-2,C10787,Monitor,4,274.82,932,Debit Card,Delivered,TRK91512,9,WINTER15,Email,1099.28
ORD2010,2024-06-1,C26152,Phone,2,486.35,790,Online,Pending,TRK49382,6,SAVE10,Referral,972.7
ORD2010,2024-09-2,C46210,Laptop,3,428.88,535,Debit Card,Shipped,TRK81611,3,WINTER15,Facebook,1286.64
ORD2010,2023-09-0,C32943,Desk,2,412.14,127,Credit Car ,Returned,TRK26949,2,FREESHIP,Instagram,824.28
ORD2010,2024-09-2,C73629,Desk,1,265.64,601,Credit Car ,Returned,TRK11492,3,WINTER15,Instagram,265.64
ORD2010,2024-05-0,C38024,Tablet,2,273.43,824,Cash,Shipped,TRK93370,7,WINTER15,Referral,546.86
ORD2010,2025-01-2,C25445,Laptop,5,131.7,830,Cash,Shipped,TRK12402,8,FREESHIP,Google,658.5
ORD2010,2023-08-2,C13501,Chair,5,85.52,301,Gift Card,Cancelled,TRK65149,5,,Facebook,427.6
ORD2010,2024-06-1,C42108,Desk,2,320.68,336,Credit Car ,Shipped,TRK58407,5,FREESHIP,Referral,641.36
ORD2010,2025-02-1,C32121,Laptop,4,198.81,654,Cash,Returned,TRK96074,9,FREESHIP,Referral,795.24
ORD2010,2023-10-3,C47778,Printer,5,666.8,488,Debit Card,Delivered,TRK79504,7,SAVE10,Referral,3334
ORD2010,2023-12-2,C10791,Desk,1,355.09,674,Debit Card,Cancelled,TRK20321,5,SAVE10,Instagram,355.09
ORD2010,2023-06-0,C78959,Phone,2,316.2,384,Online,Returned,TRK37426,2,,Instagram,632.4
ORD2010,2024-08-0,C29914,Laptop,1,133.39,469,Debit Card,Shipped,TRK22073,2,SAVE10,Referral,133.39
ORD2010,2023-02-2,C70506,Monitor,1,454.23,255,Gift Card,Returned,TRK12518,3,,Facebook,454.23
ORD2010,2024-09-0,C46873,Desk,4,491.29,496,Debit Card,Pending,TRK10926,6,,Email,1965.16
ORD2010,2025-06-2,C94037,Phone,2,255.14,216,Cash,Shipped,TRK47536,2,,Google,510.28
ORD2010,2023-02-2,C88644,Monitor,1,392.61,977,Gift Card,Cancelled,TRK14900,4,SAVE10,Referral,392.61
ORD2010,2024-10-1,C69471,Tablet,4,362.06,294,Debit Card,Returned,TRK11107,4,,Facebook,1448.24
ORD2010,2024-05-1,C21437,Phone,1,222.73,120,Online,Returned,TRK81624,4,,Google,222.73
ORD2010,2024-08-3,C40949,Monitor,2,552.63,609,Debit Card,Delivered,TRK43066,7,WINTER15,Instagram,1105.26
ORD2010,2023-05-0,C99116,Laptop,4,686.61,176,Cash,Shipped,TRK52711,6,,Referral,2746.44
ORD2010,2025-03-0,C57861,Printer,3,305.16,115,Credit Car ,Cancelled,TRK47775,8,SAVE10,Referral,915.48
ORD2010,2023-03-1,C62627,Desk,1,41.09,881,Online,Returned,TRK90060,4,WINTER15,Email,41.09
ORD2010,2024-06-2,C89979,Phone,5,634,144,Gift Card,Delivered,TRK99055,8,,Email,3170
ORD20108,2023-01-2,C70613,Laptop,5,464.74,438,Gift Card,Delivered,TRK33140,7,,Referral,2323.7
ORD20108,2023-04-2,C55636,Monitor,4,425.6,494,Credit Car ,Pending,TRK85897,5,FREESHIP,Google,1702.4
ORD20108,2023-10-0,C96595,Chair,3,573.22,177,Debit Card,Pending,TRK59779,5,SAVE10,Email,1719.66
ORD20108,2024-07-0,C68508,Chair,1,123.28,895,Credit Car ,Delivered,TRK98960,3,SAVE10,Email,123.28
ORD20108,2023-01-0,C45175,Phone,1,70.82,128,Gift Card,Pending,TRK41792,1,WINTER15,Instagram,70.82
ORD20108,2023-05-2,C28049,Printer,2,646.69,404,Debit Card,Shipped,TRK91426,7,WINTER15,Instagram,1293.38
ORD20108,2023-12-2,C46967,Tablet,2,513.42,401,Online,Pending,TRK91439,5,WINTER15,Instagram,1026.84
ORD20108,2025-03-2,C84134,Laptop,4,693.07,530,Online,Shipped,TRK48659,8,SAVE10,Instagram,2772.28
ORD20108,2023-11-3,C49831,Desk,3,491.43,213,Gift Card,Shipped,TRK21232,6,WINTER15,Instagram,1474.29
ORD20108,2025-03-1,C13324,Tablet,2,599.74,440,Gift Card,Shipped,TRK66967,2,,Instagram,1199.48
ORD20109,2023-02-2,C61225,Monitor,2,650.25,996,Gift Card,Returned,TRK37022,6,,Instagram,1300.5
ORD20109,2024-10-0,C16400,Laptop,3,209.48,123,Debit Card,Pending,TRK57771,4,,Email,628.44
ORD20109,2023-08-2,C38642,Laptop,5,209.2,930,Debit Card,Delivered,TRK47744,6,WINTER15,Email,1046
ORD20109,2023-06-0,C86773,Phone,4,197.36,557,Gift Card,Returned,TRK22612,9,FREESHIP,Instagram,789.44
ORD20109,2023-06-2,C66093,Printer,4,648.91,615,Credit Car ,Shipped,TRK54950,6,SAVE10,Instagram,2595.64
ORD20109,2024-04-2,C33051,Phone,2,441.54,397,Online,Delivered,TRK92929,2,SAVE10,Email,883.08
ORD20109,2025-05-0,C18169,Tablet,2,464.92,782,Debit Card,Returned,TRK49482,2,,Facebook,929.84
ORD20109,2024-12-2,C81370,Monitor,5,506.45,344,Gift Card,Shipped,TRK99682,7,WINTER15,Google,2532.25
ORD20109,2023-06-1,C91103,Monitor,4,255.86,155,Credit Car ,Delivered,TRK91653,7,,Email,1023.44
ORD20109,2024-09-1,C21953,Laptop,2,125.23,272,Cash,Cancelled,TRK60774,3,FREESHIP,Email,250.46
ORD20110,2023-08-1,C15146,Laptop,5,38.11,428,Debit Card,Cancelled,TRK79790,6,WINTER15,Instagram,190.55
ORD20110,2025-06-0,C43546,Monitor,3,161.97,904,Cash,Pending,TRK85871,4,SAVE10,Email,485.91
ORD20110,2024-06-0,C98474,Chair,4,347.17,997,Debit Card,Shipped,TRK86192,8,,Instagram,1388.68
ORD20110,2023-04-2,C90292,Laptop,4,276.32,129,Online,Delivered,TRK26270,5,,Google,1105.28
ORD20110,2024-07-2,C17075,Tablet,4,314.76,850,Online,Shipped,TRK63547,8,,Instagram,1259.04
ORD20110,2024-01-0,C12487,Tablet,3,475.69,884,Gift Card,Cancelled,TRK23324,3,FREESHIP,Google,1427.07
ORD20110,2023-03-1,C34555,Chair,1,372.8,903,Cash,Cancelled,TRK72859,6,SAVE10,Facebook,372.8
ORD20110,2025-06-3,C25110,Tablet,2,63.21,282,Online,Cancelled,TRK80963,4,SAVE10,Google,126.42
ORD20110,2023-03-2,C35136,Laptop,1,634.94,462,Online,Cancelled,TRK49753,5,WINTER15,Instagram,634.94
ORD20110,2024-04-0,C62277,Printer,4,77.47,474,Gift Card,Returned,TRK32026,7,SAVE10,Instagram,309.88
ORD2011,2024-02-2,C12472,Chair,3,84.31,912,Credit Car ,Shipped,TRK36103,3,SAVE10,Email,252.93
ORD2011,2023-05-0,C24047,Monitor,4,234.45,362,Online,Cancelled,TRK91338,9,FREESHIP,Instagram,937.8
ORD2011,2023-10-1,C76929,Desk,1,356.81,563,Online,Delivered,TRK80694,1,WINTER15,Instagram,356.81
ORD2011,2023-03-1,C52914,Desk,4,209.99,168,Cash,Delivered,TRK80819,8,,Google,839.96
ORD2011,2023-03-1,C55164,Tablet,3,659.88,609,Gift Card,Cancelled,TRK79610,3,,Google,1979.64
ORD2011,2025-06-2,C70426,Laptop,2,336.32,562,Online,Returned,TRK89687,3,,Google,672.64
ORD2011,2023-10-1,C69149,Printer,2,531.49,562,Credit Car ,Delivered,TRK61265,7,WINTER15,Facebook,1062.98
ORD2011,2024-05-2,C78684,Chair,3,588.44,858,Gift Card,Shipped,TRK95779,8,WINTER15,Google,1765.32
ORD2011,2024-05-2,C58168,Phone,3,251.48,359,Credit Car ,Returned,TRK99102,4,,Email,754.44
ORD2011,2024-11-2,C99024,Laptop,1,684.65,250,Credit Car ,Delivered,TRK24675,1,FREESHIP,Email,684.65
ORD2011,2025-05-1,C22919,Tablet,1,195.86,267,Online,Pending,TRK82416,3,,Facebook,195.86
ORD2011,2023-05-2,C98354,Phone,3,50.34,393,Gift Card,Returned,TRK43070,3,FREESHIP,Instagram,151.02
ORD2011,2023-06-0,C38840,Monitor,5,678.19,766,Online,Returned,TRK32496,8,,Facebook,3390.95
ORD2011,2023-04-1,C68936,Tablet,3,554.25,843,Debit Card,Shipped,TRK73163,6,WINTER15,Referral,1662.75
ORD2011,2023-05-0,C33744,Chair,4,576.87,888,Gift Card,Returned,TRK40245,5,,Instagram,2307.48
ORD2011,2023-10-1,C23555,Desk,4,408.36,156,Gift Card,Cancelled,TRK67210,4,FREESHIP,Referral,1633.44
ORD2011,2024-07-2,C34337,Phone,5,190.11,325,Cash,Delivered,TRK36195,7,SAVE10,Google,950.55
ORD2011,2025-03-1,C69396,Printer,3,602.75,920,Credit Car ,Shipped,TRK33155,6,SAVE10,Email,1808.25
ORD2011,2023-08-1,C49198,Monitor,3,646.79,447,Cash,Cancelled,TRK10883,5,WINTER15,Google,1940.37
ORD2011,2023-06-1,C43911,Chair,4,418.71,239,Cash,Pending,TRK37495,8,FREESHIP,Instagram,1674.84
ORD2011,2025-02-1,C24347,Laptop,2,323.45,533,Credit Car ,Returned,TRK27233,5,FREESHIP,Instagram,646.9
ORD2011,2024-07-1,C21043,Phone,1,694.5,195,Credit Car ,Pending,TRK41691,3,WINTER15,Facebook,694.5
ORD2011,2024-12-0,C58858,Chair,2,337.32,948,Credit Car ,Cancelled,TRK30406,4,SAVE10,Email,674.64
ORD2011,2024-04-0,C20670,Printer,2,467.91,432,Gift Card,Returned,TRK76731,5,WINTER15,Facebook,935.82
ORD2011,2024-06-0,C90993,Desk,4,38.28,950,Debit Card,Cancelled,TRK53964,4,WINTER15,Facebook,153.12
ORD2011,2023-12-2,C11473,Printer,2,73.41,562,Online,Shipped,TRK97793,2,SAVE10,Google,146.82
ORD2011,2023-09-2,C71899,Tablet,3,668.33,799,Gift Card,Pending,TRK34856,4,WINTER15,Facebook,2004.99
ORD2011,2024-07-2,C48577,Printer,4,410.21,841,Cash,Pending,TRK59911,5,WINTER15,Instagram,1640.84
ORD2011,2023-12-1,C13100,Desk,4,294.41,188,Debit Card,Pending,TRK55565,4,,Instagram,1177.64
ORD2011,2025-03-0,C70659,Chair,3,501.82,568,Gift Card,Cancelled,TRK28290,4,FREESHIP,Email,1505.46
ORD20114,2024-06-2,C49838,Printer,2,552.83,904,Credit Car ,Cancelled,TRK38297,3,,Referral,1105.66
ORD20114,2025-02-1,C11998,Chair,3,498.66,382,Cash,Cancelled,TRK26707,6,,Email,1495.98
ORD20114,2024-08-2,C23405,Phone,4,695.1,484,Debit Card,Returned,TRK83678,8,,Email,2780.4
ORD20114,2023-04-0,C41132,Chair,1,381.61,114,Debit Card,Pending,TRK51040,5,,Email,381.61
ORD20114,2023-02-1,C88463,Desk,5,507.94,292,Online,Cancelled,TRK88749,9,,Facebook,2539.7
ORD20114,2025-05-1,C28152,Desk,3,571.53,821,Debit Card,Delivered,TRK59642,6,FREESHIP,Facebook,1714.59
ORD20114,2024-10-0,C36383,Monitor,5,421.44,286,Cash,Pending,TRK93336,5,SAVE10,Instagram,2107.2
ORD20114,2025-01-0,C19759,Chair,2,588.3,234,Online,Pending,TRK22515,2,FREESHIP,Email,1176.6
ORD20114,2024-06-2,C54886,Phone,1,355.15,442,Cash,Returned,TRK66241,2,SAVE10,Email,355.15
ORD20114,2024-07-2,C27305,Chair,2,695.29,957,Credit Car ,Pending,TRK28789,6,FREESHIP,Instagram,1390.58
ORD2011,2023-02-2,C17921,Desk,4,302.65,119,Credit Car ,Cancelled,TRK79291,8,SAVE10,Referral,1210.6
ORD2011,2023-01-2,C94381,Chair,2,608.04,962,Cash,Cancelled,TRK69804,4,,Google,1216.08
ORD2011,2023-11-0,C25162,Tablet,2,344.18,533,Credit Car ,Shipped,TRK42183,7,,Referral,688.36
ORD2011,2024-12-1,C98317,Monitor,4,696.71,276,Debit Card,Shipped,TRK37172,4,,Instagram,2786.84
ORD2011,2025-06-1,C53631,Monitor,3,198.63,593,Cash,Pending,TRK67589,8,SAVE10,Instagram,595.89
ORD2011,2023-08-1,C41478,Printer,4,534.57,667,Credit Car ,Delivered,TRK62068,6,FREESHIP,Facebook,2138.28
ORD2011,2023-07-1,C20512,Laptop,4,690.78,980,Credit Car ,Shipped,TRK98234,9,,Referral,2763.12
ORD2011,2024-05-2,C25841,Monitor,3,301.55,242,Debit Card,Delivered,TRK21451,5,FREESHIP,Google,904.65
ORD2011,2023-04-2,C82781,Monitor,4,27.42,661,Debit Card,Pending,TRK20605,4,SAVE10,Referral,109.68
ORD2011,2024-02-2,C66112,Desk,4,466.7,874,Debit Card,Returned,TRK60955,8,,Instagram,1866.8
ORD2011,2024-09-0,C40466,Desk,1,541.64,449,Debit Card,Shipped,TRK70255,5,SAVE10,Email,541.64
ORD2011,2023-10-1,C32570,Phone,1,11.39,826,Cash,Cancelled,TRK35969,6,WINTER15,Email,11.39
ORD2011,2025-03-1,C29405,Phone,2,224.37,251,Debit Card,Delivered,TRK33125,3,WINTER15,Referral,448.74
ORD2011,2024-06-1,C30643,Laptop,3,306.29,966,Credit Car ,Returned,TRK19477,7,WINTER15,Instagram,918.87
ORD2011,2024-01-0,C65890,Tablet,5,315.57,340,Debit Card,Delivered,TRK64530,6,WINTER15,Email,1577.85
ORD2011,2023-07-1,C36992,Chair,3,223.79,617,Debit Card,Pending,TRK63460,3,,Google,671.37
ORD2011,2023-07-3,C95568,Chair,3,324.47,971,Cash,Delivered,TRK37075,4,WINTER15,Email,973.41
ORD2011,2023-10-1,C17966,Printer,2,92.87,360,Credit Car ,Pending,TRK31169,5,FREESHIP,Facebook,185.74
ORD2011,2023-04-0,C89559,Laptop,2,331.42,297,Credit Car ,Delivered,TRK82838,6,WINTER15,Google,662.84
ORD2011,2024-12-2,C15849,Chair,1,525.43,643,Cash,Cancelled,TRK26794,2,SAVE10,Instagram,525.43
ORD2011,2023-08-0,C94257,Printer,2,697.19,762,Cash,Returned,TRK40220,7,FREESHIP,Email,1394.38
ORD2011,2023-08-2,C39911,Phone,4,518.4,699,Credit Car ,Delivered,TRK80431,7,SAVE10,Facebook,2073.6
ORD2011,2025-02-0,C28828,Desk,3,131.96,745,Credit Car ,Pending,TRK32550,8,,Instagram,395.88
ORD2011,2024-10-0,C82921,Monitor,1,208.36,703,Online,Shipped,TRK31079,4,FREESHIP,Email,208.36
ORD2011,2023-11-2,C50159,Printer,3,222.34,105,Credit Car ,Returned,TRK53737,5,WINTER15,Email,667.02
ORD2011,2024-09-1,C62512,Printer,3,91.74,368,Debit Card,Returned,TRK24139,8,FREESHIP,Referral,275.22
ORD2011,2023-08-1,C39260,Tablet,2,213.83,374,Debit Card,Cancelled,TRK55587,2,WINTER15,Email,427.66
ORD2011,2023-04-2,C23917,Printer,1,127.55,433,Cash,Shipped,TRK44434,3,SAVE10,Referral,127.55
ORD2011,2024-09-0,C65107,Monitor,1,70.24,456,Credit Car ,Cancelled,TRK10261,4,FREESHIP,Google,70.24
ORD2011,2023-01-0,C84630,Laptop,5,518.55,907,Credit Car ,Cancelled,TRK48054,6,WINTER15,Instagram,2592.75
ORD20118,2023-10-3,C42235,Chair,4,298.36,722,Debit Card,Pending,TRK49379,8,FREESHIP,Google,1193.44
ORD20118,2023-07-2,C70246,Desk,3,158.74,293,Online,Pending,TRK45708,7,FREESHIP,Instagram,476.22
ORD20118,2025-06-1,C18473,Chair,2,420.29,700,Gift Card,Returned,TRK97834,3,SAVE10,Google,840.58
ORD20118,2023-04-0,C12607,Desk,1,281.52,460,Gift Card,Shipped,TRK83653,6,WINTER15,Referral,281.52
ORD20118,2023-09-2,C10222,Laptop,1,204.08,979,Gift Card,Returned,TRK86297,4,,Google,204.08
ORD20118,2024-07-0,C77344,Chair,1,343.31,777,Gift Card,Returned,TRK20605,6,SAVE10,Google,343.31
ORD20118,2023-11-1,C65497,Monitor,1,163.32,676,Cash,Shipped,TRK83702,6,WINTER15,Facebook,163.32
ORD20118,2024-03-1,C26340,Desk,2,184.6,562,Gift Card,Delivered,TRK59962,7,WINTER15,Email,369.2
ORD20118,2023-10-0,C75619,Printer,2,371.29,924,Gift Card,Shipped,TRK23086,5,WINTER15,Facebook,742.58
ORD20118,2024-08-1,C96136,Tablet,5,389.22,149,Cash,Cancelled,TRK60856,7,,Referral,1946.1
ORD20119,2025-06-0,C46886,Desk,3,616.39,754,Credit Car ,Shipped,TRK82791,6,FREESHIP,Instagram,1849.17
ORD20119,2025-02-1,C44148,Desk,4,376.43,809,Gift Card,Pending,TRK67872,5,WINTER15,Instagram,1505.72
ORD20119,2024-02-2,C72007,Chair,3,432.85,999,Online,Pending,TRK16240,4,,Instagram,1298.55
ORD20119,2025-06-1,C45104,Tablet,1,687.89,348,Cash,Returned,TRK38559,1,FREESHIP,Email,687.89
ORD20119,2023-11-1,C29885,Printer,3,189.44,725,Cash,Pending,TRK62067,4,FREESHIP,Email,568.32
ORD20119,2024-06-2,C21126,Desk,1,107.04,392,Credit Car ,Cancelled,TRK38009,6,FREESHIP,Google,107.04
ORD20119,2024-03-0,C20095,Monitor,2,662.53,778,Online,Cancelled,TRK69207,5,,Facebook,1325.06
ORD20119,2023-07-1,C79674,Tablet,2,436.84,275,Online,Delivered,TRK88039,2,FREESHIP,Instagram,873.68
ORD20119,2024-08-2,C64753,Chair,4,262.52,509,Debit Card,Cancelled,TRK71683,4,WINTER15,Instagram,1050.08
ORD20119,2023-06-1,C57502,Tablet,4,560.58,201,Gift Card,Returned,TRK51116,6,SAVE10,Referral,2242.32
